customerid,id,time,capacity
e4a02a84909811ecb80dd25e32d3b4f7,6c45a341-5bf5-5beb-b380-f32a57ceaef3,2022-03-02T11:28:35.517Z,1351511627776
e4a02a84909811ecb80dd25e32d3b4f7,1f6e8332-8267-57ae-9e79-25a8f2ff94ea,2022-03-02T11:28:35.517Z,21474836480
e4a02a84909811ecb80dd25e32d3b4f7,25c5975c-16e0-5008-bb75-1396c170dd28,2022-03-02T11:28:35.517Z,214748364800
e4a02a84909811ecb80dd25e32d3b4f7,d3e9cb47-2466-5ea2-a7ac-4a5c849d9721,2022-03-02T11:28:35.517Z,5368709120
e4a02a84909811ecb80dd25e32d3b4f7,896957bc-da13-5cb7-962e-a24e2fc11f70,2022-03-02T11:28:35.517Z,21474836480
e4a02a84909811ecb80dd25e32d3b4f7,6ade24ff-d320-5b80-9d62-b29c0dfeece4,2022-03-02T11:28:35.517Z,21474836480
e4a02a84909811ecb80dd25e32d3b4f7,921af468-e72b-5614-a46d-b1c23951a9f6,2022-03-02T11:28:35.517Z,21474836480
e4a02a84909811ecb80dd25e32d3b4f7,74b0a2d3-613c-599b-95f1-5982feacb0e9,2022-03-02T11:28:35.517Z,214748364800
e4a02a84909811ecb80dd25e32d3b4f7,36362a70-6ef1-5f03-a468-0a7d9a093abc,2022-03-02T11:28:35.517Z,21474836480
e4a02a84909811ecb80dd25e32d3b4f7,587d4ae0-698d-595b-9d2c-d72d35c4c0c0,2022-03-02T11:28:35.517Z,21474836480
e4a02a84909811ecb80dd25e32d3b4f7,d1eb9999-e779-5a94-b5cc-d841651804a9,2022-03-02T11:28:35.517Z,535368302592
e4a02a84909811ecb80dd25e32d3b4f7,3ade5481-c112-5930-a111-4c2f4a73f980,2022-03-02T11:28:35.517Z,21474836480
e4a02a84909811ecb80dd25e32d3b4f7,6b52862d-4b80-5909-9120-27a003a83298,2022-03-02T11:28:35.517Z,1351511627776
e4a02a84909811ecb80dd25e32d3b4f7,6ece414e-6ddf-566d-acb1-b7fc39a30efb,2022-03-02T11:28:35.517Z,214748364800
e4a02a84909811ecb80dd25e32d3b4f7,40b0d269-021f-5005-a885-b768c33d3ff9,2022-03-02T11:28:35.517Z,214748364800
e4a02a84909811ecb80dd25e32d3b4f7,608fd52f-c3b5-52a9-8188-0b936261acd4,2022-03-02T11:28:35.517Z,214748364800
e4a02a84909811ecb80dd25e32d3b4f7,af8d1708-b593-5ea6-9fc6-57253def5195,2022-03-02T11:28:35.517Z,1351511627776
e4a02a84909811ecb80dd25e32d3b4f7,058ca40b-dc6b-5979-92f6-80b40a7500b0,2022-03-02T11:28:35.517Z,214748364800
e4a02a84909811ecb80dd25e32d3b4f7,60b4781b-76f6-5406-b27f-2224edbc7620,2022-03-02T11:28:35.517Z,21474836480
e4a02a84909811ecb80dd25e32d3b4f7,96c19567-e3e0-5f27-9e5b-15b1a6ffa26c,2022-03-02T11:28:35.517Z,528280977408
e4a02a84909811ecb80dd25e32d3b4f7,bf3d9edf-4ca6-5d85-b412-f7664de831cc,2022-03-02T11:28:35.517Z,528280977408
e4a02a84909811ecb80dd25e32d3b4f7,74ab576d-60c3-52bf-a047-a865db47ac02,2022-03-02T11:28:35.517Z,982332211200
e4a02a84909811ecb80dd25e32d3b4f7,33bad203-70ae-57ca-bd47-0da072b267a6,2022-03-02T11:28:35.517Z,5368709120
e4a02a84909811ecb80dd25e32d3b4f7,fbe14cef-7232-55c5-988b-c68582e8781b,2022-03-02T11:28:35.517Z,5368709120
e4a02a84909811ecb80dd25e32d3b4f7,f4ef89bd-32c7-564d-8dc2-739a0c12bf4e,2022-03-02T11:28:35.517Z,21474836480
e4a02a84909811ecb80dd25e32d3b4f7,30560bdf-af19-5fe9-b2b4-a4c6b4346b0c,2022-03-02T11:28:35.517Z,214748364800
e4a02a84909811ecb80dd25e32d3b4f7,7e588e59-4e37-5e0a-b4be-7d1461f17352,2022-03-02T11:42:03.631Z,1351511627776
e4a02a84909811ecb80dd25e32d3b4f7,55ccad3d-7287-5e19-aad5-5a196baacde9,2022-03-02T12:50:03.631Z,21474836480
e4a02a84909811ecb80dd25e32d3b4f7,9c6b73a0-cfce-58cc-8aeb-fdd8dce5e1bd,2022-03-02T12:50:03.631Z,214748364800
e4a02a84909811ecb80dd25e32d3b4f7,81bd136a-3e43-5431-9f64-f38034eda632,2022-03-02T12:50:03.631Z,214748364800
e4a02a84909811ecb80dd25e32d3b4f7,58638849-6a1e-5ffb-9ca1-9d8e426fd15c,2022-03-02T12:50:03.631Z,214748364800
e4a02a84909811ecb80dd25e32d3b4f7,b5bfcafb-6431-50b5-8bfa-186cabca59c2,2022-03-02T16:11:02.978Z,214748364800
e4a02a84909811ecb80dd25e32d3b4f7,e54d8a5c-fda6-5337-8a65-0ce9e9d38ebd,2022-03-03T09:13:02.913Z,214748364800
e4a02a84909811ecb80dd25e32d3b4f7,289142fa-dc00-548d-8349-fc8ca42d7bd2,2022-03-03T09:37:03.578Z,214748364800
e4a02a84909811ecb80dd25e32d3b4f7,9538023a-995c-5309-bc6d-9ebc9848fff5,2022-03-03T14:06:04.009Z,1351511627776
e4a02a84909811ecb80dd25e32d3b4f7,ce294631-d822-579c-b6fe-a236b91f28b7,2022-03-04T07:57:02.965Z,214748364800
e4a02a84909811ecb80dd25e32d3b4f7,4c26d94d-c088-5549-9eda-c9eaf147d76b,2022-03-04T10:19:03.849Z,214748364800
e4a02a84909811ecb80dd25e32d3b4f7,eb33d83f-f91d-5e5a-9a3a-3dd80be5a4b6,2022-03-04T11:02:03.882Z,21474836480
e4a02a84909811ecb80dd25e32d3b4f7,36f55b51-e33a-5224-8d48-90b77f262682,2022-03-04T11:10:04.075Z,21474836480
e4a02a84909811ecb80dd25e32d3b4f7,a7bef71a-4c70-53e3-bcbc-bc8caa40f109,2022-03-04T12:06:03.743Z,21474836480
e4a02a84909811ecb80dd25e32d3b4f7,f22342b9-9a48-5501-8648-e1cbcbe4f6c6,2022-03-04T12:14:03.295Z,21474836480
e4a02a84909811ecb80dd25e32d3b4f7,4a64e66e-c719-5b5d-9717-e54714d5ffea,2022-03-04T12:38:03.164Z,21474836480
e4a02a84909811ecb80dd25e32d3b4f7,e96945ee-0796-5cf6-bf2c-fc31b5629f8a,2022-03-04T12:38:03.164Z,21474836480
e4a02a84909811ecb80dd25e32d3b4f7,9f487dfc-b6c0-5c02-8c43-2f9718f5670e,2022-04-06T14:29:00.698Z,982332211200
e4a02a84909811ecb80dd25e32d3b4f7,ec3fe69f-3113-5324-8a5e-cdbad2ef47e3,2022-04-07T08:40:11.344Z,2147483648
e4a02a84909811ecb80dd25e32d3b4f7,007ec78e-5126-5a13-86fe-4fc39fee6a38,2022-04-07T10:57:17.937Z,21474836480
e4a02a84909811ecb80dd25e32d3b4f7,1347e66b-a97d-5f9b-a298-5ba60b58dfb7,2022-06-20T06:53:43.115Z,753511956480
e4a02a84909811ecb80dd25e32d3b4f7,ed76d42c-3163-5348-be2f-9f8c17ab7999,2022-07-13T07:43:20.408Z,16106127360
e4a02a84909811ecb80dd25e32d3b4f7,824a0ba6-e90c-5fb9-a9e0-3bb889f79464,2022-08-01T13:17:16.101Z,6442450944
e4a02a84909811ecb80dd25e32d3b4f7,0705e8ea-b81e-5656-bf06-a7cd8bf17dbd,2022-09-14T08:44:25.22Z,16106127360
e4a02a84909811ecb80dd25e32d3b4f7,61f93781-f685-5273-b000-0893a8c1b681,2022-10-14T09:32:43.621Z,214748364800
e4a02a84909811ecb80dd25e32d3b4f7,9328fbe3-7308-5fe4-9e54-9b740d75abaf,2022-10-18T10:16:32.145Z,751484010496
e4a02a84909811ecb80dd25e32d3b4f7,e9485edc-9878-5b83-b8a8-a71214ae0a88,2022-10-20T05:57:39.878Z,21474836480
e4a02a84909811ecb80dd25e32d3b4f7,d86b7acb-187e-5d9a-9a24-5377715f2887,2022-10-27T10:35:03.219Z,1073741824
e4a02a84909811ecb80dd25e32d3b4f7,44ffa4de-8ffb-5dff-af0b-bb26842dec0d,2022-10-28T04:17:26.937Z,1073741824
e4a02a84909811ecb80dd25e32d3b4f7,10038e74-7edf-5cd6-b96d-dbdee865c8d6,2022-11-22T04:25:44.965Z,628003700736
e4a02a84909811ecb80dd25e32d3b4f7,c1ba9708-5ae4-5972-a423-6e0e98f92ec3,2022-11-22T04:25:44.965Z,628003700736
e4a02a84909811ecb80dd25e32d3b4f7,16370536-8022-5bee-8153-c2596005b874,2022-11-22T04:25:44.965Z,628003700736
e4a02a84909811ecb80dd25e32d3b4f7,75d3dc4a-d25e-512f-ba3c-0db103eda68b,2022-11-24T16:51:06.379Z,2147483648
e4a02a84909811ecb80dd25e32d3b4f7,ce9815a6-fca8-579a-8c04-370027204e14,2022-11-30T06:46:37.122Z,21474836480
e4a02a84909811ecb80dd25e32d3b4f7,a039f7a8-44d9-5d92-aa0c-de412f6d84ff,2022-11-30T06:46:37.122Z,21474836480
e4a02a84909811ecb80dd25e32d3b4f7,fdaa07a3-b75b-5fcf-a998-851af418f06e,2022-11-30T06:46:37.122Z,21474836480
e4a02a84909811ecb80dd25e32d3b4f7,d68bff71-0ba0-5155-9f82-a88a286bf04f,2022-12-15T07:20:54.78Z,96636764160
e4a02a84909811ecb80dd25e32d3b4f7,1bcb5791-902b-51d9-bbd2-5a5f58362bc0,2022-12-15T07:20:54.78Z,96636764160
e4a02a84909811ecb80dd25e32d3b4f7,cfc33d8b-efb7-52a1-a33e-ca8e908e38cd,2022-12-15T07:20:54.78Z,96636764160
e4a02a84909811ecb80dd25e32d3b4f7,c6976cb5-29c8-5a3d-b0fb-d2ce91ebccf4,2023-01-11T09:58:17.2Z,32212254720
e4a02a84909811ecb80dd25e32d3b4f7,c206be6e-e06f-5fc5-a8e8-73e21c60f60f,2023-01-11T09:58:17.2Z,17179869184
e4a02a84909811ecb80dd25e32d3b4f7,a569454d-6a49-5e38-bd9a-84686e79873f,2023-01-11T09:58:17.2Z,32212254720
e4a02a84909811ecb80dd25e32d3b4f7,31d84adc-ab0f-5242-9b0a-ec5212845e85,2023-01-11T09:58:17.2Z,1351511627776
e4a02a84909811ecb80dd25e32d3b4f7,5efcfd1a-7291-5d90-bb0a-808f989c0a83,2023-01-11T09:58:17.2Z,42949672960
e4a02a84909811ecb80dd25e32d3b4f7,bfe198ee-e24d-5630-8740-a01107b568a8,2023-01-11T09:58:17.2Z,214748364800
e4a02a84909811ecb80dd25e32d3b4f7,7749d562-5080-5417-89c6-fe69a7136a65,2023-01-11T09:58:17.2Z,32212254720
e4a02a84909811ecb80dd25e32d3b4f7,c95d081c-a3db-518b-bdc4-5d82b5702f67,2023-01-11T09:58:17.2Z,21474836480
e4a02a84909811ecb80dd25e32d3b4f7,80ff92c5-9ccb-53ab-8595-752f6f80eb83,2023-01-11T09:58:17.2Z,214748364800
e4a02a84909811ecb80dd25e32d3b4f7,49f1d6d2-c67e-5155-9ac2-25cf8eace895,2023-01-11T09:58:17.2Z,21474836480
e4a02a84909811ecb80dd25e32d3b4f7,358d17df-1ad0-508b-b87b-f78766eacdca,2023-01-11T09:58:17.2Z,214748364800
e4a02a84909811ecb80dd25e32d3b4f7,55ce476e-3d13-5d7d-9bdf-1a13749321cf,2023-01-11T09:58:17.2Z,1073741824
e4a02a84909811ecb80dd25e32d3b4f7,ea2319ae-9090-5736-985a-663c97694a94,2023-01-11T09:58:17.2Z,765574774784
e4a02a84909811ecb80dd25e32d3b4f7,4e50daab-4d14-5186-b101-3efe5d51d6b2,2023-01-11T09:58:17.2Z,21474836480
e4a02a84909811ecb80dd25e32d3b4f7,799e212b-4285-587f-9755-edc631b28a9e,2023-01-11T09:58:17.2Z,56908316672
e4a02a84909811ecb80dd25e32d3b4f7,574df82f-b13f-5806-8433-3af90547cf87,2023-01-11T09:58:17.2Z,17179869184
e4a02a84909811ecb80dd25e32d3b4f7,71684624-b50f-52fe-9294-0344c2e12975,2023-01-11T09:58:17.2Z,42949672960
e4a02a84909811ecb80dd25e32d3b4f7,06e75833-748b-582a-b4f5-b1d8fc5e444c,2023-01-11T09:58:17.2Z,42949672960
e4a02a84909811ecb80dd25e32d3b4f7,20ffd362-f512-51e9-b8ac-e8d5450f5041,2023-01-11T09:58:17.2Z,32212254720
e4a02a84909811ecb80dd25e32d3b4f7,8e366b14-5c0d-532a-994e-f1171074e0d5,2023-01-11T09:58:17.2Z,42949672960
e4a02a84909811ecb80dd25e32d3b4f7,30b6c189-1199-5f0b-be4f-0b4bd33e0bdb,2023-01-11T09:58:17.2Z,42949672960
e4a02a84909811ecb80dd25e32d3b4f7,d1fc9e43-ea6d-564b-8202-8248c66eac51,2023-01-11T09:58:17.2Z,10737418240
e4a02a84909811ecb80dd25e32d3b4f7,1fb0bda4-36bc-5223-a454-c45fadee7a76,2023-01-11T09:58:17.2Z,42949672960
e4a02a84909811ecb80dd25e32d3b4f7,2dff5a53-1948-5858-98b0-ac9b22963f07,2023-01-11T09:58:17.2Z,53687091200
e4a02a84909811ecb80dd25e32d3b4f7,34bb80d6-9b22-5a9e-bea4-0caa32be384f,2023-01-11T09:58:17.2Z,214748364800
e4a02a84909811ecb80dd25e32d3b4f7,0086bb29-068b-5391-a9ea-011212991ae2,2023-01-12T05:52:03.937Z,1351511627776
e4a02a84909811ecb80dd25e32d3b4f7,ea6bc725-8515-5230-a450-9bd4cdefd89e,2023-01-20T14:41:04.894Z,15032385536
e4a02a84909811ecb80dd25e32d3b4f7,82cfa8a5-42c5-5edb-8429-4459983f3419,2023-01-24T09:10:51.388Z,21474836480
e4a02a84909811ecb80dd25e32d3b4f7,3fffe02b-230c-5d4d-856b-d6a3c0052168,2023-01-24T09:10:51.388Z,21474836480
e4a02a84909811ecb80dd25e32d3b4f7,f1ed4371-f4ec-5de4-823f-01c68533ee66,2023-01-24T09:10:51.388Z,21474836480
e4a02a84909811ecb80dd25e32d3b4f7,0e2399f5-f196-5e71-9344-d4a199580d51,2023-01-24T11:39:26.447Z,21474836480
e4a02a84909811ecb80dd25e32d3b4f7,9f7585e7-0b47-5399-b1f0-c5e2f44b2b7b,2023-01-24T11:39:26.447Z,21474836480
e4a02a84909811ecb80dd25e32d3b4f7,a7c964c5-9f40-5729-bd7d-b737b0a97fce,2023-01-24T11:39:26.447Z,21474836480
e4a02a84909811ecb80dd25e32d3b4f7,0c4dd3d4-48f3-5fa0-a680-d3451b517787,2023-01-30T07:50:55.442Z,5368709120
e4a02a84909811ecb80dd25e32d3b4f7,c52a1249-e170-5223-820c-843040f93bb9,2023-01-30T08:22:58.558Z,5368709120
e4a02a84909811ecb80dd25e32d3b4f7,607bdd4c-4d39-5900-a06c-89c617a6acb8,2023-01-30T09:23:49.28Z,5368709120
e4a02a84909811ecb80dd25e32d3b4f7,7ab1149b-8d26-57d4-a9b2-0458849b4304,2023-01-30T09:30:39.261Z,5368709120
e4a02a84909811ecb80dd25e32d3b4f7,5941df20-eac7-5df0-bc64-ff04df222b7a,2023-01-30T09:43:34.885Z,5368709120
e4a02a84909811ecb80dd25e32d3b4f7,f6f41c22-4dc2-5d11-84dd-b5250b4be1e6,2023-01-30T09:49:09.483Z,6442450944
e4a02a84909811ecb80dd25e32d3b4f7,b3052755-97ad-5507-97e4-95d18ba0897b,2023-01-30T09:50:59.46Z,7516192768
e4a02a84909811ecb80dd25e32d3b4f7,055c0edd-a67d-542f-9f6d-bf1a86f61b43,2023-01-30T10:23:37.703Z,5368709120
e4a02a84909811ecb80dd25e32d3b4f7,5d8269ed-bd6c-5f8f-b48d-7403ec16b6bd,2023-01-30T10:45:42.669Z,5368709120
e4a02a84909811ecb80dd25e32d3b4f7,68acf888-8116-5ba2-a2cc-a7f7ab9fcec1,2023-01-30T10:46:37.929Z,5368709120
e4a02a84909811ecb80dd25e32d3b4f7,ad7290d4-06d7-5890-b0d6-4362119563fc,2023-01-30T11:32:12.044Z,10737418240
e4a02a84909811ecb80dd25e32d3b4f7,f1fa4c9e-f9f1-5a12-aa9d-81b7f6e0a9cf,2023-01-30T11:33:56.801Z,10737418240
e4a02a84909811ecb80dd25e32d3b4f7,a51490ea-0ff1-5cdb-99ab-afb0fd5698a4,2023-01-30T11:35:45.943Z,10737418240
e4a02a84909811ecb80dd25e32d3b4f7,c318273b-4a53-5223-a1dd-e27a0e67b643,2023-01-30T11:38:00.219Z,10737418240
e4a02a84909811ecb80dd25e32d3b4f7,727985bf-3c39-5af0-8a62-7a9b66a2341c,2023-01-30T14:38:22.103Z,6442450944
e4a02a84909811ecb80dd25e32d3b4f7,a27e221a-6552-5371-aecf-9e2418cb7114,2023-01-30T14:38:22.103Z,6442450944
e4a02a84909811ecb80dd25e32d3b4f7,6d436c28-053d-5825-ba14-d539350e8b16,2023-01-30T14:54:39.667Z,5368709120
e4a02a84909811ecb80dd25e32d3b4f7,6349f5a2-3fb4-5db0-a6b0-3912846a743d,2023-01-30T14:57:30.291Z,5368709120
e4a02a84909811ecb80dd25e32d3b4f7,284310f1-29be-5f14-93aa-b1bdd0a4ed24,2023-01-30T15:04:16.132Z,6442450944
e4a02a84909811ecb80dd25e32d3b4f7,23162d9f-2250-5d44-829e-4ab866180c7f,2023-01-31T04:55:13.001Z,12884901888
e4a02a84909811ecb80dd25e32d3b4f7,c8f6ba6a-3d65-5ff2-b081-fed02eb084e6,2023-01-31T06:10:57.355Z,5368709120
e4a02a84909811ecb80dd25e32d3b4f7,931f7055-fb41-5d48-8a0d-5fb020768b37,2023-01-31T06:14:09.121Z,5368709120
e4a02a84909811ecb80dd25e32d3b4f7,cbdbad27-0d04-568c-9d29-e586791629a8,2023-01-31T07:49:26.061Z,5368709120
e4a02a84909811ecb80dd25e32d3b4f7,11d8c78e-efc4-5abf-98ce-a6d88f225686,2023-01-31T09:50:44.308Z,0
e4a02a84909811ecb80dd25e32d3b4f7,62a05b88-a824-5043-8a71-e48a0113d94d,2023-01-31T10:06:20.135Z,6442450944
e4a02a84909811ecb80dd25e32d3b4f7,b97031b1-bea0-593e-a610-b8e79b10112c,2023-01-31T10:07:18.59Z,16106127360
e4a02a84909811ecb80dd25e32d3b4f7,810258db-5b9a-54df-ad49-7a50b40b7e21,2023-01-31T10:18:23.143Z,8589934592
e4a02a84909811ecb80dd25e32d3b4f7,1456dabd-5561-537c-87fa-20ce0602df8e,2023-01-31T10:18:54.041Z,8589934592
e4a02a84909811ecb80dd25e32d3b4f7,85c44e18-353d-5166-b9f8-41c5fdea6481,2023-01-31T10:19:26.541Z,8589934592
e4a02a84909811ecb80dd25e32d3b4f7,9afa6d84-b8d6-5903-b141-edc986d399d9,2023-01-31T11:03:51.272Z,5368709120
e4a02a84909811ecb80dd25e32d3b4f7,20b76c52-e182-57b2-9022-b77824e31082,2023-01-31T11:10:06.396Z,7516192768
e4a02a84909811ecb80dd25e32d3b4f7,ad47bc1d-3f11-5bd6-8d1b-3bdf20d871e6,2023-02-01T04:54:29.107Z,10737418240
e4a02a84909811ecb80dd25e32d3b4f7,e0b62091-c54b-55e4-88aa-89caa0b63539,2023-02-01T06:12:43.822Z,5368709120
e4a02a84909811ecb80dd25e32d3b4f7,4c8d7719-1a69-5095-a254-5affb9bdd3e6,2023-02-01T06:19:52.239Z,5368709120
e4a02a84909811ecb80dd25e32d3b4f7,3bf0326c-4744-54ed-bbd5-3434c3c477a7,2023-02-01T06:25:41.283Z,5368709120
e4a02a84909811ecb80dd25e32d3b4f7,fe37e363-d684-5ab3-af4b-0a10e1f86ba6,2023-02-01T06:36:45.084Z,5368709120
e4a02a84909811ecb80dd25e32d3b4f7,6801b660-99c8-5185-b989-56f04538462c,2023-02-01T06:53:07.375Z,5368709120
e4a02a84909811ecb80dd25e32d3b4f7,407eb6f5-7775-5c6c-bb4e-758eb80d308a,2023-02-01T07:26:07.048Z,5368709120
e4a02a84909811ecb80dd25e32d3b4f7,2aa5522b-a28b-533b-b0e6-ca6cb7e25587,2023-02-01T07:31:29.378Z,5368709120
e4a02a84909811ecb80dd25e32d3b4f7,c53fe205-f2a5-5ddf-a965-21af752ee671,2023-02-01T11:49:49.626Z,5368709120
e4a02a84909811ecb80dd25e32d3b4f7,97dd568d-7891-5551-acf8-e186130fb9f0,2023-02-01T12:07:10.449Z,5368709120
e4a02a84909811ecb80dd25e32d3b4f7,04bef5ba-3abb-56e0-9e44-6610739a0754,2023-02-01T12:15:20.221Z,5368709120
e4a02a84909811ecb80dd25e32d3b4f7,ce13d69d-e865-5d11-be98-500d4743deb6,2023-02-01T12:18:30.717Z,5368709120
e4a02a84909811ecb80dd25e32d3b4f7,54f63b27-1b1f-5cf4-b592-91e378803d08,2023-02-02T05:53:02.853Z,8589934592
e4a02a84909811ecb80dd25e32d3b4f7,1af70239-e615-5cce-b69c-84b2b5a94417,2023-02-03T05:51:52.805Z,5368709120
e4a02a84909811ecb80dd25e32d3b4f7,8db30d00-ba3b-5423-bd2f-5032cd0875df,2023-02-03T05:52:47.661Z,5368709120
e4a02a84909811ecb80dd25e32d3b4f7,c27e7a54-6407-5757-aaea-52e172378939,2023-02-03T05:55:28.072Z,5368709120
e4a02a84909811ecb80dd25e32d3b4f7,39fec812-bcd9-5090-85ee-51c1401af7b9,2023-02-03T05:57:14.696Z,5368709120
e4a02a84909811ecb80dd25e32d3b4f7,76e9cc6a-3b1d-5d48-9408-34fc8b33bf3d,2023-02-03T05:58:04.923Z,5368709120
e4a02a84909811ecb80dd25e32d3b4f7,92aa2b51-3a6d-5898-85a4-ffbe1d3aace7,2023-02-06T09:02:02.037Z,1351511627776
e4a02a84909811ecb80dd25e32d3b4f7,fcde85c9-5635-511b-8d6d-960ef2a8ea75,2023-02-08T11:00:39.034Z,107374182400
e4a02a84909811ecb80dd25e32d3b4f7,496b4b82-ba62-5c95-aea2-0edbdd06c0b9,2023-02-10T07:42:04.854Z,214748364800
e4a02a84909811ecb80dd25e32d3b4f7,16538982-eda5-5f6e-b30e-4950819642e4,2023-02-14T06:23:50.212Z,241591910400
e4a02a84909811ecb80dd25e32d3b4f7,b1ef3707-19cb-571f-b586-33fd1ffd6de1,2023-02-14T06:23:50.212Z,241591910400
e4a02a84909811ecb80dd25e32d3b4f7,a68c5c0f-c5d9-5225-8e1d-0eee18fd61c9,2023-02-14T06:23:50.212Z,241591910400
e4a02a84909811ecb80dd25e32d3b4f7,11bdd47b-4025-5b54-945d-40da7607b54a,2023-02-16T14:20:02.74Z,1351511627776
e4a02a84909811ecb80dd25e32d3b4f7,e114c721-c1a7-5ee1-a972-c5605d04890d,2023-02-16T16:42:05.829Z,214748364800
e4a02a84909811ecb80dd25e32d3b4f7,ce3379a2-0829-53f6-bcbf-60cc19596cfd,2023-02-17T12:30:09.512Z,5368709120
e4a02a84909811ecb80dd25e32d3b4f7,1ec1647c-2bce-525c-bc64-2c64bb379488,2023-02-17T12:34:40.285Z,5368709120
e4a02a84909811ecb80dd25e32d3b4f7,d6f80b30-a8ac-5e4c-ba1c-ab4224720201,2023-02-22T07:42:38.789Z,214748364800
e4a02a84909811ecb80dd25e32d3b4f7,92b5a46d-9837-5016-920e-21dc5d909207,2023-02-28T04:11:14.443Z,118111600640
e4a02a84909811ecb80dd25e32d3b4f7,6939078e-bb86-5e54-bd6d-734d370a9ea7,2023-03-13T05:46:48.074Z,1370094428672
e4a02a84909811ecb80dd25e32d3b4f7,5896448f-7ecb-5941-813a-c5a2116b4763,2023-03-13T05:46:48.074Z,1370094428672
e4a02a84909811ecb80dd25e32d3b4f7,23898158-a8ec-5a6e-ae1d-2ed21933661c,2023-03-13T05:46:48.074Z,1370094428672
e4a02a84909811ecb80dd25e32d3b4f7,5e20d73b-1e64-5f48-89fc-1d1b7bcb82f0,2023-03-13T08:59:13.218Z,5368709120
e4a02a84909811ecb80dd25e32d3b4f7,255e7fee-93b5-527d-a0cf-727f37bb119b,2023-03-13T09:01:17.569Z,5368709120
e4a02a84909811ecb80dd25e32d3b4f7,260ecfc0-34ba-5bf1-a432-f507a826cb52,2023-03-13T09:02:22.874Z,5368709120
e4a02a84909811ecb80dd25e32d3b4f7,404e0fa5-81e9-5124-a8af-99f7cb56a664,2023-03-16T06:29:59.717Z,214748364800
e4a02a84909811ecb80dd25e32d3b4f7,33d8d2c0-9801-537a-8173-aa01ff4b2e5f,2023-03-16T07:25:38.206Z,34359738368
e4a02a84909811ecb80dd25e32d3b4f7,cd49e95a-5b78-5d5f-9392-305de22ec18f,2023-03-16T07:25:38.206Z,21474836480
e4a02a84909811ecb80dd25e32d3b4f7,1db7d8b6-7e50-52f3-aba5-fde73e2c53fd,2023-03-16T07:25:38.206Z,27917287424
e4a02a84909811ecb80dd25e32d3b4f7,8cdc475c-fe61-5a03-ba39-45b903f1718f,2023-03-16T07:25:38.206Z,1351511627776
e4a02a84909811ecb80dd25e32d3b4f7,832c3c7c-b871-53e5-8957-d8d888e1fb09,2023-03-16T07:25:38.206Z,214748364800
e4a02a84909811ecb80dd25e32d3b4f7,48a7c3dc-90b8-5438-9fcc-b24546fdf91c,2023-03-16T07:25:38.206Z,214748364800
e4a02a84909811ecb80dd25e32d3b4f7,e9003127-1291-5e9a-8981-eec3a63ba3da,2023-03-16T07:25:38.206Z,628003700736
e4a02a84909811ecb80dd25e32d3b4f7,2929011c-f0a1-541d-a3d9-8b14c59e24bb,2023-03-16T07:25:38.206Z,96636764160
e4a02a84909811ecb80dd25e32d3b4f7,771bf16c-c952-53f4-b2dc-07c1f8a19be6,2023-03-16T07:25:38.206Z,751484010496
e4a02a84909811ecb80dd25e32d3b4f7,ec907b85-d8df-505f-8621-018dfd5bb2fa,2023-03-16T07:25:38.206Z,32212254720
e4a02a84909811ecb80dd25e32d3b4f7,091e6ee8-3b8c-5912-a99d-c677af9e0258,2023-03-16T07:25:38.206Z,21474836480
e4a02a84909811ecb80dd25e32d3b4f7,3bc58667-98d2-5f45-a2a0-0f15604bd03e,2023-03-16T07:25:38.206Z,107374182400
e4a02a84909811ecb80dd25e32d3b4f7,06dfda05-6566-5b2d-872a-7ab8fb71c304,2023-03-16T07:25:38.206Z,53687091200
e4a02a84909811ecb80dd25e32d3b4f7,9c83baac-9a3f-539b-b984-ac965473543d,2023-03-16T07:25:38.206Z,241591910400
e4a02a84909811ecb80dd25e32d3b4f7,0fb0df82-03db-5519-8764-5bdc34283497,2023-03-16T07:25:38.206Z,15032385536
e4a02a84909811ecb80dd25e32d3b4f7,49264fef-7d39-5004-912c-2959df1b0cc3,2023-03-16T07:25:38.206Z,15032385536
e4a02a84909811ecb80dd25e32d3b4f7,8f6373b7-bc1b-5b88-bdb2-d7ba65a7253b,2023-03-16T07:25:38.206Z,214748364800
e4a02a84909811ecb80dd25e32d3b4f7,02e40860-5243-5373-a853-7d9a9705ac0a,2023-03-16T07:25:38.206Z,1073741824
e4a02a84909811ecb80dd25e32d3b4f7,c143149c-46ac-5b0a-b1df-72cf8b1a3066,2023-03-16T07:25:38.206Z,2147483648
e4a02a84909811ecb80dd25e32d3b4f7,bde4e9fb-81bd-585e-a709-f1b3dc4a9dba,2023-03-16T07:25:38.206Z,34359738368
e4a02a84909811ecb80dd25e32d3b4f7,98bc5d68-74c9-522c-99b8-c00a00f2c07b,2023-03-16T07:25:38.206Z,21474836480
e4a02a84909811ecb80dd25e32d3b4f7,90245a87-37cc-5c40-be29-7d9ed91cf6c2,2023-03-16T07:25:38.206Z,1370094428672
e4a02a84909811ecb80dd25e32d3b4f7,c1056fd1-b203-5ee1-9942-54351baeab2c,2023-03-16T07:25:38.206Z,96636764160
e4a02a84909811ecb80dd25e32d3b4f7,fd6f50f3-6dda-5e90-b27e-918f49f9842c,2023-03-16T07:25:38.206Z,214748364800
e4a02a84909811ecb80dd25e32d3b4f7,480c91c2-42bb-55ac-89c6-33ca87c9c110,2023-03-16T07:25:38.206Z,34359738368
e4a02a84909811ecb80dd25e32d3b4f7,04f1cbac-5d29-5d0e-8ed7-aa475667b492,2023-03-16T07:25:38.206Z,21474836480
e4a02a84909811ecb80dd25e32d3b4f7,95e9d513-0ebc-5230-b6d1-03bec8f2502c,2023-03-16T07:25:38.206Z,214748364800
e4a02a84909811ecb80dd25e32d3b4f7,ba941f1f-6156-506a-ad98-58e8a009537f,2023-03-28T07:25:34.442Z,21474836480
e4a02a84909811ecb80dd25e32d3b4f7,6eb6f613-0584-58a9-ab88-e3e7a1e60845,2023-03-28T07:30:47.656Z,354334801920
e4a02a84909811ecb80dd25e32d3b4f7,e9d73e42-5b57-5240-be1e-e5d63fce13dc,2023-03-28T07:57:05.347Z,21474836480
e4a02a84909811ecb80dd25e32d3b4f7,e68b6314-4f58-5e4f-8334-b95718631e4e,2023-03-28T08:12:31.798Z,21474836480
e4a02a84909811ecb80dd25e32d3b4f7,c9aa7661-ff78-54a0-8ada-3baca89229f8,2023-03-28T08:30:17.056Z,21474836480
e4a02a84909811ecb80dd25e32d3b4f7,72a3bcb6-d2b0-587a-9d72-e0a0a3b0eee8,2023-03-28T09:09:11.423Z,48318382080
e4a02a84909811ecb80dd25e32d3b4f7,85a04f45-23e2-582a-863e-c01cb41a88c0,2023-03-28T09:12:03.56Z,48318382080
e4a02a84909811ecb80dd25e32d3b4f7,7c68a2f3-48e2-5cef-8baf-b04dba4ad583,2023-03-28T14:31:39.076Z,21474836480
e4a02a84909811ecb80dd25e32d3b4f7,e07b73a5-6d6f-5ea4-ae27-348724aa3779,2023-03-28T17:20:40.575Z,21474836480
e4a02a84909811ecb80dd25e32d3b4f7,5fc74461-2bfa-594f-8cfa-b389fae76ce3,2023-03-29T04:49:35.042Z,21474836480
e4a02a84909811ecb80dd25e32d3b4f7,44ae38ab-7fd2-5674-9885-a40f2abb3829,2023-03-29T06:10:59.307Z,42949672960
e4a02a84909811ecb80dd25e32d3b4f7,25b6d9e4-3bb1-5ea7-aa0b-fa045f184518,2023-03-29T06:43:15.716Z,16106127360
e4a02a84909811ecb80dd25e32d3b4f7,3e848a85-b304-5f0e-a030-9f45f20159c7,2023-03-29T07:47:58.762Z,56908316672
e4a02a84909811ecb80dd25e32d3b4f7,edd62fbb-19aa-5254-a8a8-e09789a0b286,2023-03-29T09:13:37.25Z,26843545600
e4a02a84909811ecb80dd25e32d3b4f7,79c5a03d-d253-5234-8b96-fa39c579a8a2,2023-03-29T09:28:19.611Z,2684354560000
e4a02a84909811ecb80dd25e32d3b4f7,be6d5705-123b-5608-900d-92831e7cdc3c,2023-03-29T09:28:19.611Z,16106127360
e4a02a84909811ecb80dd25e32d3b4f7,f8789f1d-02e9-50ce-a037-6010b2d66501,2023-03-29T09:28:19.611Z,16106127360
e4a02a84909811ecb80dd25e32d3b4f7,4c87c015-ebcc-5c34-8ff1-64c71d0953b4,2023-03-29T09:28:19.611Z,2147483648
e4a02a84909811ecb80dd25e32d3b4f7,f0351e59-5764-51b6-9209-8b234c250d0f,2023-03-29T09:28:19.611Z,3178275799040
e4a02a84909811ecb80dd25e32d3b4f7,e0da3a0e-cf9f-5c22-9680-2566c51cde65,2023-03-29T09:28:19.611Z,214748364800
e4a02a84909811ecb80dd25e32d3b4f7,97ef7002-7b63-5b37-ab76-9797126617dd,2023-03-29T09:28:19.611Z,2657511014400
e4a02a84909811ecb80dd25e32d3b4f7,0fe04df7-f58b-50ae-adc9-93ce91d7ef52,2023-03-29T09:28:19.611Z,16106127360
e4a02a84909811ecb80dd25e32d3b4f7,a2bb9ec7-52f4-5c16-a4f8-cc54d6a1808a,2023-03-29T09:28:19.611Z,16106127360
e4a02a84909811ecb80dd25e32d3b4f7,4ffb638e-211f-593b-aa73-2de06fda011b,2023-03-29T09:28:19.611Z,252000000000
e4a02a84909811ecb80dd25e32d3b4f7,61cbd61c-fa29-501f-af6d-dd538fa053ff,2023-03-29T09:28:19.611Z,214748364800
e4a02a84909811ecb80dd25e32d3b4f7,a9d509cf-7680-50fe-8514-e5d092baf2ec,2023-03-29T09:28:19.611Z,1351511627776
e4a02a84909811ecb80dd25e32d3b4f7,36b93f7e-46af-5336-9ec4-be1e4c2b4434,2023-03-29T09:28:19.611Z,64424509440
e4a02a84909811ecb80dd25e32d3b4f7,b65245e6-0c91-5886-a884-e15bcb2a7d8d,2023-03-29T09:28:19.611Z,981264760832
e4a02a84909811ecb80dd25e32d3b4f7,35ad7652-be10-5af2-a7bb-bbcae8ea9f33,2023-03-29T09:28:19.611Z,2147483648
e4a02a84909811ecb80dd25e32d3b4f7,04502aff-9ad1-5b0e-86b9-c972b28c2ac0,2023-03-29T10:12:15.753Z,21474836480
e4a02a84909811ecb80dd25e32d3b4f7,12c93283-1320-51b0-9ce5-39c343ead190,2023-03-29T10:51:46.42Z,21474836480
e4a02a84909811ecb80dd25e32d3b4f7,7bacc04a-382a-58b5-85e2-815b52a54d8e,2023-03-30T06:46:29.242Z,27917287424
e4a02a84909811ecb80dd25e32d3b4f7,5adc1829-ac6a-5df4-a236-9b972315052d,2023-03-30T07:00:45.39Z,16106127360
e4a02a84909811ecb80dd25e32d3b4f7,5c3c9530-72e5-50b8-8972-fc35a3ad1727,2023-03-30T14:58:16.724Z,24696061952
e4a02a84909811ecb80dd25e32d3b4f7,a8dcd38a-564c-5c2c-a9fe-27218f036bc0,2023-03-30T16:32:33.548Z,16106127360
e4a02a84909811ecb80dd25e32d3b4f7,f805eff1-d810-5d6c-a5c4-908e830d3b7e,2023-03-30T17:21:04.39Z,24696061952
e4a02a84909811ecb80dd25e32d3b4f7,4b669cc3-4d22-5caa-aa98-3993ed5ee2be,2023-03-30T18:44:48.277Z,16106127360
e4a02a84909811ecb80dd25e32d3b4f7,2b0ebb2d-0129-5faf-ac7f-66aabf6d0376,2023-03-31T04:48:59.334Z,26843545600
e4a02a84909811ecb80dd25e32d3b4f7,8d49219f-14ca-5a33-ab4a-e51a7c7f5bf7,2023-03-31T05:25:48.706Z,26843545600
e4a02a84909811ecb80dd25e32d3b4f7,ff231d01-c608-59af-80a8-e84a64f1b341,2023-03-31T05:44:54.767Z,21474836480
e4a02a84909811ecb80dd25e32d3b4f7,0d5030e6-a1af-58ca-9ac1-02e704cd0cb5,2023-03-31T06:15:46.425Z,21474836480
e4a02a84909811ecb80dd25e32d3b4f7,ca78df0d-5522-5a00-a30d-7af1d2f8e6eb,2023-03-31T06:57:28.39Z,32212254720
e4a02a84909811ecb80dd25e32d3b4f7,df18e2c3-d52c-50f2-8731-631bb6556238,2023-03-31T07:06:43.855Z,21474836480
e4a02a84909811ecb80dd25e32d3b4f7,6863b061-ede4-5f62-bf3a-279db55a6fb4,2023-03-31T09:58:17.84Z,16106127360
e4a02a84909811ecb80dd25e32d3b4f7,d65a536b-ef21-5ac7-89fa-8fede3c58e21,2023-03-31T11:39:29.852Z,5368709120
e4a02a84909811ecb80dd25e32d3b4f7,09b6fa00-0d37-5fd6-8eed-fd1d5b1e834b,2023-03-31T11:43:20.591Z,5368709120
e4a02a84909811ecb80dd25e32d3b4f7,3373c47a-f3e7-558e-9e54-0087db9cc267,2023-03-31T11:47:50.286Z,5368709120
e4a02a84909811ecb80dd25e32d3b4f7,3e9f14ff-b6cc-572e-b18e-ff04402cea59,2023-03-31T11:51:23.201Z,5368709120
e4a02a84909811ecb80dd25e32d3b4f7,aa7238bf-2f7d-5fdf-bdb3-526ca906ba83,2023-03-31T11:54:00.093Z,5368709120
e4a02a84909811ecb80dd25e32d3b4f7,899a6158-5726-5d21-bd79-5a6362c2588a,2023-03-31T11:57:08.426Z,21474836480
e4a02a84909811ecb80dd25e32d3b4f7,e7e21b3d-ffb3-591b-89f8-30a18fba86f2,2023-03-31T12:03:52.022Z,5368709120
e4a02a84909811ecb80dd25e32d3b4f7,49ce6d4a-0f83-57b2-9ff2-fe46463f214f,2023-03-31T12:04:59.386Z,5368709120
e4a02a84909811ecb80dd25e32d3b4f7,11823bdb-2848-521c-bd67-380a502d2eed,2023-03-31T12:07:11.756Z,5368709120
e4a02a84909811ecb80dd25e32d3b4f7,3748a2e4-df39-5fda-8774-a198c2f84776,2023-03-31T12:09:24.65Z,5368709120
e4a02a84909811ecb80dd25e32d3b4f7,7a8ebd45-5e4d-5161-9b85-b285ae83f86a,2023-03-31T12:12:56.561Z,5368709120
e4a02a84909811ecb80dd25e32d3b4f7,1e85ef8a-ccbd-5591-8bce-e8beb0a68d88,2023-03-31T12:14:37.734Z,5368709120
e4a02a84909811ecb80dd25e32d3b4f7,2af97502-8882-50e9-9f51-5fd650df6182,2023-04-01T18:54:56.088Z,21474836480
e4a02a84909811ecb80dd25e32d3b4f7,7b49378a-a8b4-581c-b5a7-44528ae42faf,2023-04-02T06:01:46.695Z,21474836480
e4a02a84909811ecb80dd25e32d3b4f7,46c9c458-1a6f-5496-96b5-5b047034ab0b,2023-04-02T06:19:01.998Z,26843545600
e4a02a84909811ecb80dd25e32d3b4f7,b31267d2-defb-5eb3-85c8-5e7da66978a5,2023-04-02T16:32:44.032Z,21474836480
e4a02a84909811ecb80dd25e32d3b4f7,1e8eedf4-adb9-5c5c-baf2-c2544d423236,2023-04-02T17:19:10.263Z,32212254720
e4a02a84909811ecb80dd25e32d3b4f7,fee7c200-f171-5db0-877d-422c8c17aab4,2023-04-02T19:09:21.264Z,21474836480
e4a02a84909811ecb80dd25e32d3b4f7,09e58416-d850-5da9-979a-044e99560cd7,2023-04-02T19:14:00.437Z,16106127360
e4a02a84909811ecb80dd25e32d3b4f7,2c4c4caf-248f-52b0-8873-8cff53b7ddd4,2023-04-03T04:18:43.447Z,42949672960
e4a02a84909811ecb80dd25e32d3b4f7,35beb668-4aec-5969-a2bd-547e5158d41d,2023-04-03T07:11:14.534Z,42949672960
e4a02a84909811ecb80dd25e32d3b4f7,5071bc38-ee97-52fe-84e0-71d7786777ff,2023-04-03T07:24:43.435Z,32212254720
e4a02a84909811ecb80dd25e32d3b4f7,a35f6c7f-0c15-5718-a285-71805a2e6208,2023-04-03T08:49:29.216Z,16106127360
e4a02a84909811ecb80dd25e32d3b4f7,2d4c0a02-2890-5b1b-9e8a-feec2077da17,2023-04-03T10:39:39.956Z,16106127360
e4a02a84909811ecb80dd25e32d3b4f7,a8e32ed2-ebcf-5ef8-979c-db575e5d1c07,2023-04-03T10:39:58.483Z,16106127360
e4a02a84909811ecb80dd25e32d3b4f7,3fed9e14-f547-579d-b8a8-8af6b7b69472,2023-04-03T10:41:02.578Z,16106127360
e4a02a84909811ecb80dd25e32d3b4f7,924aa254-d7e2-5448-ae9f-2a21f8c9179a,2023-04-03T10:46:20.724Z,16106127360
e4a02a84909811ecb80dd25e32d3b4f7,d107b658-8228-53e0-b00f-6e9664988ce6,2023-04-03T10:51:08.994Z,16106127360
e4a02a84909811ecb80dd25e32d3b4f7,def225c5-31e2-51d9-9a3f-328dfc59b2f5,2023-04-03T11:18:27.496Z,16106127360
e4a02a84909811ecb80dd25e32d3b4f7,da5050e3-0347-5be3-9c27-80594d18e959,2023-04-03T11:25:39.061Z,16106127360
e4a02a84909811ecb80dd25e32d3b4f7,9bb16f1b-321a-5f0d-877f-da167f28d194,2023-04-03T11:31:04.617Z,16106127360
e4a02a84909811ecb80dd25e32d3b4f7,94980a87-0903-525f-a6ec-ff4ecdb0d2ec,2023-04-03T11:35:29.764Z,32212254720
e4a02a84909811ecb80dd25e32d3b4f7,3f2d53e6-5b09-5fb0-afaf-01e240ae82d6,2023-04-03T11:37:39.367Z,16106127360
e4a02a84909811ecb80dd25e32d3b4f7,b1135756-6ce6-5788-9b09-b5cfeddf3368,2023-04-04T09:44:56.79Z,24696061952
e4a02a84909811ecb80dd25e32d3b4f7,8c6dcfe9-b742-53ff-9411-fec1e03023ad,2023-04-04T11:42:11.345Z,24696061952
e4a02a84909811ecb80dd25e32d3b4f7,9e313155-881a-55dd-9ecb-9ac7c33112b3,2023-04-04T12:11:20.919Z,139586437120
e4a02a84909811ecb80dd25e32d3b4f7,6c4a2c32-d444-547d-a218-d8801e2bf724,2023-04-04T12:11:20.919Z,139586437120
e4a02a84909811ecb80dd25e32d3b4f7,55b57ce0-f15a-52b7-9454-90c85b6f6f25,2023-04-04T12:11:20.919Z,139586437120
e4a02a84909811ecb80dd25e32d3b4f7,e7a29033-0528-5dbc-8392-59ee185cba41,2023-04-04T12:12:03.739Z,139586437120
e4a02a84909811ecb80dd25e32d3b4f7,1e007697-f59e-5da3-a6e3-9a2d6f7d4d62,2023-04-04T18:37:41.082Z,36507222016
e4a02a84909811ecb80dd25e32d3b4f7,28c0e4df-2435-52b8-b96e-a085e85b8bc3,2023-04-05T05:00:16.753Z,51539607552
e4a02a84909811ecb80dd25e32d3b4f7,ea3306ca-9e24-5b6d-a21b-f7302c40606e,2023-04-05T05:02:59.503Z,26843545600
e4a02a84909811ecb80dd25e32d3b4f7,affa78b8-32a0-551d-bb38-de31567ceab4,2023-04-05T05:09:01.195Z,16106127360
e4a02a84909811ecb80dd25e32d3b4f7,2b8d21ca-4cfa-51dd-93d8-989c6a64bf79,2023-04-11T06:30:03.094Z,1351511627776
e4a02a84909811ecb80dd25e32d3b4f7,de1f6f28-3a66-512f-9c6a-a1a78313f66c,2023-04-11T06:45:03.74Z,193273528320
e4a02a84909811ecb80dd25e32d3b4f7,69612024-8bdc-5b55-b89e-0375ad82127c,2023-04-12T09:19:03.204Z,214748364800
e4a02a84909811ecb80dd25e32d3b4f7,c7128fd8-3e41-553b-be93-ce078c8ec0a4,2023-04-12T10:36:03.5Z,1351511627776
e4a02a84909811ecb80dd25e32d3b4f7,68d7f306-598d-5d28-b913-234b50796752,2023-04-13T06:41:02.889Z,118111600640
e4a02a84909811ecb80dd25e32d3b4f7,630417f7-b567-5d1c-b14b-f78464c5401c,2023-04-15T13:51:09.686Z,21474836480
e4a02a84909811ecb80dd25e32d3b4f7,b441581d-9c3d-5e40-97f9-a133e930b08f,2023-04-21T06:08:24.396Z,75161927680
e4a02a84909811ecb80dd25e32d3b4f7,c6d23875-adb0-532d-8fce-ec9146d22a6c,2023-04-25T08:41:04.196Z,214748364800
e4a02a84909811ecb80dd25e32d3b4f7,b214b6c9-2435-5f1d-88b7-847a3272eb75,2023-04-25T10:36:02.92Z,1351511627776
e4a02a84909811ecb80dd25e32d3b4f7,f62eedc7-e92c-5364-883f-f0b763bfe594,2023-04-26T11:03:46.943Z,16106127360
e4a02a84909811ecb80dd25e32d3b4f7,1581585a-caec-540e-baee-f3807eedac40,2023-04-28T04:06:41.903Z,214748364800
e4a02a84909811ecb80dd25e32d3b4f7,83514563-d085-5283-9cbf-1831c90d6716,2023-05-02T04:28:36.635Z,5368709120
e4a02a84909811ecb80dd25e32d3b4f7,054b51b2-da54-543a-8e43-9d7a0cc772c8,2023-05-04T11:27:03.336Z,214748364800
e4a02a84909811ecb80dd25e32d3b4f7,293075d0-96aa-528c-9d7c-e2feb3a231af,2023-05-09T10:34:19.327Z,5368709120
e4a02a84909811ecb80dd25e32d3b4f7,dd686fef-506a-5ac4-a543-4069b210112a,2023-05-09T10:36:33.183Z,5368709120
e4a02a84909811ecb80dd25e32d3b4f7,110b0e92-85e9-5618-97aa-201aaf00d297,2023-05-09T10:39:41.444Z,5368709120
e4a02a84909811ecb80dd25e32d3b4f7,859b920c-1cb7-59f4-a94e-8a05b28224f9,2023-05-09T10:42:27.04Z,5368709120
e4a02a84909811ecb80dd25e32d3b4f7,450dc62e-86aa-5beb-ad96-2fc023876ec2,2023-05-09T11:10:09.393Z,50465865728
e4a02a84909811ecb80dd25e32d3b4f7,eb84cbb5-ef48-55d8-9104-aa29a08974f3,2023-05-09T11:42:46.008Z,5368709120
e4a02a84909811ecb80dd25e32d3b4f7,91fa53c7-3efb-5861-a695-fa207afec295,2023-05-09T12:20:52.326Z,5368709120
e4a02a84909811ecb80dd25e32d3b4f7,bb4658fa-e004-512c-aa58-b039c40383e0,2023-05-10T08:10:38.58Z,5368709120
e4a02a84909811ecb80dd25e32d3b4f7,d3da19e2-dbee-56df-a231-b938e740da42,2023-05-10T11:27:18.911Z,5368709120
e4a02a84909811ecb80dd25e32d3b4f7,36fe58b9-99ac-50dc-af2b-c7cbc8cb4011,2023-05-10T11:34:57.561Z,5368709120
e4a02a84909811ecb80dd25e32d3b4f7,641afd29-dcf5-5885-a2b3-9cb301910a99,2023-05-10T11:37:32.395Z,5368709120
e4a02a84909811ecb80dd25e32d3b4f7,ca56df9b-87ca-5b13-b9ce-81377d115f49,2023-05-10T11:40:22.568Z,5368709120
e4a02a84909811ecb80dd25e32d3b4f7,71eb3f78-1816-567a-aa6f-a7f44541d6d5,2023-05-10T12:24:31.85Z,5368709120
e4a02a84909811ecb80dd25e32d3b4f7,e53bd931-d3d0-583b-a3cb-93ba5266bdc3,2023-05-10T12:34:32.929Z,5368709120
e4a02a84909811ecb80dd25e32d3b4f7,1bd59696-9721-5a3a-b995-35c72727c876,2023-05-11T06:11:21.361Z,16106127360
e4a02a84909811ecb80dd25e32d3b4f7,10c4a845-4095-5c48-9594-f74b6f5a662c,2023-05-11T10:01:44.301Z,5368709120
e4a02a84909811ecb80dd25e32d3b4f7,d5114134-3165-58bd-a9b9-98b10490b2aa,2023-05-11T10:04:38.595Z,5368709120
e4a02a84909811ecb80dd25e32d3b4f7,b29ba923-91e5-5094-9a21-713c671757d9,2023-05-11T10:07:21.078Z,5368709120
e4a02a84909811ecb80dd25e32d3b4f7,c01a6156-8574-5853-b05d-ebd3c5ced2ed,2023-05-11T10:09:59.134Z,5368709120
e4a02a84909811ecb80dd25e32d3b4f7,47907b64-58d9-5a01-b418-bc03f264b94b,2023-05-15T09:34:17.381Z,21474836480
e4a02a84909811ecb80dd25e32d3b4f7,df499cb2-6c0b-5ee5-a9ff-add3a9597ac8,2023-05-15T09:34:17.381Z,630031646720
e4a02a84909811ecb80dd25e32d3b4f7,ee54e6c9-7530-563e-9298-d4df9257c0f9,2023-05-15T09:34:17.381Z,64424509440
e4a02a84909811ecb80dd25e32d3b4f7,d10388e4-cd9f-5ec3-a980-aa72a6ec092a,2023-05-15T09:34:17.381Z,161061273600
e4a02a84909811ecb80dd25e32d3b4f7,8cce6353-624f-54f3-ac43-8eac69a4ee68,2023-05-15T09:34:17.381Z,32212254720
e4a02a84909811ecb80dd25e32d3b4f7,d1845c86-5bab-5c85-8c73-55bc4c47b09e,2023-05-15T13:27:03.337Z,214748364800
e4a02a84909811ecb80dd25e32d3b4f7,eef92f56-8661-5082-b509-5789b8a5a6e2,2023-05-15T14:55:03.368Z,104857600
e4a02a84909811ecb80dd25e32d3b4f7,152e4789-5946-55bc-adb8-20121d106ec0,2023-05-15T15:23:04.178Z,1073741824
e4a02a84909811ecb80dd25e32d3b4f7,a57ea347-fc7c-5fc7-aad7-9073707784a2,2023-05-15T15:48:03.348Z,1073741824
e4a02a84909811ecb80dd25e32d3b4f7,e064ebaa-d423-5adc-a4ea-61b4a94fb438,2023-05-16T09:14:03.303Z,214748364800
e4a02a84909811ecb80dd25e32d3b4f7,f76e7537-d194-5a24-8bfd-ca146fb3883d,2023-05-16T09:36:15.598Z,629717073920
e4a02a84909811ecb80dd25e32d3b4f7,e91fbbbe-94c1-5fa3-8994-aae3725d6649,2023-05-16T09:36:15.598Z,629717073920
e4a02a84909811ecb80dd25e32d3b4f7,23ff33a9-3cc2-505c-8974-5ab1fd19b952,2023-05-16T09:36:15.598Z,629717073920
e4a02a84909811ecb80dd25e32d3b4f7,4e4bc3bc-199a-5d35-b7eb-93cd3f61f711,2023-05-16T09:37:03.104Z,629717073920
e4a02a84909811ecb80dd25e32d3b4f7,40fb5fa6-7fbf-5797-855a-0ff62e156d0b,2023-05-16T11:03:20.595Z,630031646720
e4a02a84909811ecb80dd25e32d3b4f7,cc195412-39e8-5570-94be-d41340e906a2,2023-05-16T11:07:03.112Z,630031646720
e4a02a84909811ecb80dd25e32d3b4f7,4775046f-d451-5fd8-828e-55913e005897,2023-05-17T02:21:02.932Z,94371840
e4a02a84909811ecb80dd25e32d3b4f7,e8072eb4-ca53-5794-88bd-190378f309a8,2023-05-17T02:59:05.916Z,214748364800
e4a02a84909811ecb80dd25e32d3b4f7,2ae64263-4b2f-58db-b9a2-481a21e3100b,2023-05-18T04:59:54.45Z,1073741824
e4a02a84909811ecb80dd25e32d3b4f7,8746c23f-5392-510d-bac7-89f7b8f5399d,2023-05-18T04:59:54.45Z,2147483648
e4a02a84909811ecb80dd25e32d3b4f7,88559386-18c5-58f7-9b3d-159479e23158,2023-05-18T04:59:54.45Z,26843545600
e4a02a84909811ecb80dd25e32d3b4f7,fbca423a-4e40-5ca3-bed6-4f20d06fc932,2023-05-18T04:59:54.45Z,53687091200
e4a02a84909811ecb80dd25e32d3b4f7,79f29bc3-b5bd-5bcc-a7c6-8f4732c07a28,2023-05-18T04:59:54.45Z,2147483648
e4a02a84909811ecb80dd25e32d3b4f7,150ea3bd-dd22-5b36-a643-4c256ccfb8da,2023-05-18T04:59:54.45Z,21474836480
e4a02a84909811ecb80dd25e32d3b4f7,c27a437a-cd41-547d-ae14-2b70ea7b53f7,2023-05-18T04:59:54.45Z,65536000
e4a02a84909811ecb80dd25e32d3b4f7,a04ebf55-7a23-5ed5-9fa4-57a70c446357,2023-05-18T04:59:54.45Z,15032385536
e4a02a84909811ecb80dd25e32d3b4f7,e8169fd7-775a-59de-a52f-9d2a24974625,2023-05-18T04:59:54.45Z,1227716401664
e4a02a84909811ecb80dd25e32d3b4f7,af88c3e3-256d-566e-bcae-86c5c17b0007,2023-05-18T04:59:54.45Z,246670163968
e4a02a84909811ecb80dd25e32d3b4f7,9ecc0996-49e6-5241-9360-52146410b104,2023-05-18T04:59:54.45Z,2147483648
e4a02a84909811ecb80dd25e32d3b4f7,313bb8d5-6281-5c6c-8a54-e0672cd97a15,2023-05-18T04:59:54.45Z,18253611008
e4a02a84909811ecb80dd25e32d3b4f7,12f70f4b-f235-5c9d-a171-cae664c8f31d,2023-05-18T04:59:54.45Z,18253611008
e4a02a84909811ecb80dd25e32d3b4f7,bec4a449-e7ee-596f-aab8-de557c6eb444,2023-05-18T04:59:54.45Z,628003700736
e4a02a84909811ecb80dd25e32d3b4f7,d2567f1a-b1ea-5bb0-a0f1-4bb5b971ebef,2023-05-18T04:59:54.45Z,53687091200
e4a02a84909811ecb80dd25e32d3b4f7,1e0e0e32-9398-5a7d-b95d-85f68f510e17,2023-05-18T04:59:54.45Z,1115684864
e4a02a84909811ecb80dd25e32d3b4f7,50606420-4198-5ccf-aff1-d69250e1589a,2023-05-18T04:59:54.45Z,42949672960
e4a02a84909811ecb80dd25e32d3b4f7,d654d1ff-528a-5385-ae80-2ecd01e64aeb,2023-05-18T10:45:41.024Z,7516192768
e4a02a84909811ecb80dd25e32d3b4f7,0b0e62ec-58af-5f98-bc0f-d54f73877309,2023-05-18T13:01:04.588Z,5368709120
e4a02a84909811ecb80dd25e32d3b4f7,e9bdbe95-52e5-53f7-aac6-457025d559c8,2023-05-22T12:36:10.316Z,16106127360
e4a02a84909811ecb80dd25e32d3b4f7,719a6105-58fa-5302-a523-35d45545b825,2023-05-22T12:36:10.316Z,752551460864
e4a02a84909811ecb80dd25e32d3b4f7,b51cc9e8-c634-5587-b32f-1f403c759edf,2023-05-22T12:36:10.316Z,1073741824
e4a02a84909811ecb80dd25e32d3b4f7,cdc78db2-793a-5e49-88b2-3e559fad6380,2023-05-23T04:16:40.714Z,1073741824
e4a02a84909811ecb80dd25e32d3b4f7,b1214316-993d-5925-ad9d-e5f605dfb0ae,2023-05-23T05:30:01.813Z,1073741824
e4a02a84909811ecb80dd25e32d3b4f7,633a4a40-e498-5172-868d-7aa5bc4f0c6e,2023-05-24T08:56:03.67Z,65536000
e4a02a84909811ecb80dd25e32d3b4f7,5187765b-5fd7-59f5-b56d-3444b71e6c03,2023-05-24T09:20:04.418Z,65536000
e4a02a84909811ecb80dd25e32d3b4f7,9c09121c-9f18-5ca8-8998-777371c900f2,2023-05-24T16:23:23.741Z,4294967296
e4a02a84909811ecb80dd25e32d3b4f7,26ad965f-343d-5d4d-9f0b-7dcf83c483f5,2023-05-24T16:26:51.318Z,4294967296
e4a02a84909811ecb80dd25e32d3b4f7,6ece2cad-19b2-5425-a4e0-e47a82ddc686,2023-05-24T16:28:01.593Z,4294967296
e4a02a84909811ecb80dd25e32d3b4f7,5f7980fe-37d9-5a4f-a54c-04c4007013ac,2023-05-24T16:34:59.625Z,4294967296
e4a02a84909811ecb80dd25e32d3b4f7,21a302ea-c368-5bcb-8884-42b8963ed36b,2023-05-25T13:12:43.399Z,629235777536
e4a02a84909811ecb80dd25e32d3b4f7,d3053da0-6697-56d6-8ac9-fc979871f786,2023-05-29T06:14:42.893Z,48318382080
e4a02a84909811ecb80dd25e32d3b4f7,f4175c5d-8e16-5ebb-a8d8-4b2687ed9d56,2023-05-29T09:46:56.561Z,5368709120
e4a02a84909811ecb80dd25e32d3b4f7,d8b83ca6-7e93-5bf4-a6cc-791df1507199,2023-05-30T07:15:03.873Z,42949672960
e4a02a84909811ecb80dd25e32d3b4f7,33d99c6f-0441-5e1d-9daa-e59dd4e6c7eb,2023-05-30T08:08:04.181Z,751822700544
e4a02a84909811ecb80dd25e32d3b4f7,c82cd136-c336-5a79-a283-771c007db641,2023-05-30T11:24:03.278Z,111669149696
e4a02a84909811ecb80dd25e32d3b4f7,7c79b5ec-8c1c-598b-807e-b8cad6e8e648,2023-05-30T18:26:04.197Z,1351511627776
e4a02a84909811ecb80dd25e32d3b4f7,f56b5c52-fab8-50b6-bbc0-7e999a128750,2023-05-31T11:18:03.794Z,65536000
e4a02a84909811ecb80dd25e32d3b4f7,0873fbb9-35e8-56bf-9f98-85598500e67c,2023-06-02T04:56:03.459Z,171798691840
e4a02a84909811ecb80dd25e32d3b4f7,abb9aeab-c3e4-5bd0-a4e4-b4727aed0e0c,2023-06-05T09:45:47.652Z,983292706816
e4a02a84909811ecb80dd25e32d3b4f7,7160da5d-27a7-52fd-b6b2-d161ad3523b6,2023-06-05T10:52:02.817Z,53687091200
e4a02a84909811ecb80dd25e32d3b4f7,a60c111f-f215-5d34-87a7-8a130456d310,2023-06-05T11:38:03.124Z,53687091200
e4a02a84909811ecb80dd25e32d3b4f7,838d5d06-2a5d-5556-ae00-178c98c3eef7,2023-06-06T04:45:04.976Z,53687091200
e4a02a84909811ecb80dd25e32d3b4f7,3a0646cf-1259-5925-9cfa-eb8a569f0822,2023-06-06T04:50:03.883Z,53687091200
e4a02a84909811ecb80dd25e32d3b4f7,4bb9ba7d-d8d1-5072-96ce-db0bc36bd9ed,2023-06-06T10:54:03.347Z,53687091200
e4a02a84909811ecb80dd25e32d3b4f7,f3589a53-9f4a-5dd3-a042-eb88c341b1ee,2023-06-06T11:59:00.782Z,53687091200
e4a02a84909811ecb80dd25e32d3b4f7,ee196802-004a-5cb3-8b38-a26b98e2906f,2023-06-06T12:05:04.352Z,53687091200
e4a02a84909811ecb80dd25e32d3b4f7,bc452703-c116-5aa0-8e23-4c42d07120c8,2023-06-06T12:07:37.286Z,53687091200
e4a02a84909811ecb80dd25e32d3b4f7,93215036-f5d4-538f-902b-2b0d7a97ba3c,2023-06-06T12:15:05.239Z,53687091200
e4a02a84909811ecb80dd25e32d3b4f7,e0433c4e-144a-58b7-9022-6ca0f189d292,2023-06-12T04:44:15.608Z,981603450880
e4a02a84909811ecb80dd25e32d3b4f7,e07eedd5-932c-5197-bad2-996a909a5c87,2023-06-12T09:00:03.576Z,1073741824
e4a02a84909811ecb80dd25e32d3b4f7,ad3c146a-5206-59e7-b52c-270de522d276,2023-06-12T09:03:12.743Z,48318382080
e4a02a84909811ecb80dd25e32d3b4f7,4e056784-f3e2-55a9-8a44-7b6d3af4945c,2023-06-13T05:18:03.266Z,1073741824
e4a02a84909811ecb80dd25e32d3b4f7,cffd6d38-e71a-5b53-ad1a-5eed4ba4804b,2023-06-13T05:51:03.654Z,1073741824
e4a02a84909811ecb80dd25e32d3b4f7,971251aa-edf7-5c58-a56f-783a96aec801,2023-06-13T09:34:59.833Z,15032385536
e4a02a84909811ecb80dd25e32d3b4f7,606cd011-3281-56c8-b838-fe23b38640e3,2023-06-14T08:48:27.579Z,19327352832
e4a02a84909811ecb80dd25e32d3b4f7,8d778e35-01a7-58c4-a202-8d74365a1c55,2023-06-19T05:39:45.696Z,6442450944
e4a02a84909811ecb80dd25e32d3b4f7,ea50c3a6-1082-5643-99a3-9da3b9cfebaa,2023-06-21T17:28:03.792Z,21474836480
e4a02a84909811ecb80dd25e32d3b4f7,9b2778eb-2e92-5a86-9b09-f86c19eb3d6d,2023-06-21T18:19:03.147Z,21474836480
e4a02a84909811ecb80dd25e32d3b4f7,bba8854a-00e6-52ca-a690-ecbdadb0faa3,2023-06-21T18:28:03.303Z,21474836480
e4a02a84909811ecb80dd25e32d3b4f7,2601ffe9-42ea-5006-82a9-ab69d111d966,2023-06-21T18:41:03.958Z,21474836480
e4a02a84909811ecb80dd25e32d3b4f7,ea6e0804-84c0-5c76-b365-cfdd51368893,2023-06-22T11:28:42.775Z,3221225472
e4a02a84909811ecb80dd25e32d3b4f7,d6efc210-8404-5714-a316-3ec65c4c1a51,2023-06-23T13:46:22.837Z,5368709120
e4a02a84909811ecb80dd25e32d3b4f7,9774e0c1-c698-5655-ad33-c36824c889fb,2023-06-26T05:30:05.614Z,1351511627776
e4a02a84909811ecb80dd25e32d3b4f7,3e7f77ab-c04c-5bae-bea9-845cfd3b6020,2023-06-26T05:30:05.614Z,214748364800
e4a02a84909811ecb80dd25e32d3b4f7,1fd1f692-7008-5bcc-9735-40f6d55a95cc,2023-06-26T05:30:05.614Z,104857600
e4a02a84909811ecb80dd25e32d3b4f7,47b0f562-39ae-51b4-9835-4bd9efb40635,2023-06-26T05:30:05.614Z,104857600
e4a02a84909811ecb80dd25e32d3b4f7,9676bac7-e504-5057-b6ea-e58b9d85f1b2,2023-06-26T08:30:04.484Z,1073741824
e4a02a84909811ecb80dd25e32d3b4f7,5f931fdd-f0ea-5a7c-8051-db9bb4f5058b,2023-06-27T11:26:16.218Z,1073741824
e4a02a84909811ecb80dd25e32d3b4f7,c68bfbce-02b3-5140-89fb-f031ea5dd14e,2023-07-03T06:04:37.316Z,2147483648
e4a02a84909811ecb80dd25e32d3b4f7,9410ea54-6b39-54b6-9867-a297c5bf7070,2023-07-03T06:06:42.827Z,2147483648
e4a02a84909811ecb80dd25e32d3b4f7,e64fe6e7-1d86-5caa-ab2d-9188aee4516b,2023-07-04T10:26:32.338Z,5368709120
e4a02a84909811ecb80dd25e32d3b4f7,7be623e8-8541-5893-b371-fd6996d697b7,2023-07-04T10:34:27.176Z,5368709120
e4a02a84909811ecb80dd25e32d3b4f7,cb49bbea-7b2f-5521-a7dd-bb6875218b10,2023-07-04T10:40:12.936Z,5368709120
e4a02a84909811ecb80dd25e32d3b4f7,f4d25aab-af0a-5127-aaa8-3c3aed58e1f6,2023-07-04T10:41:50.762Z,5368709120
e4a02a84909811ecb80dd25e32d3b4f7,c58c1a25-c66b-5865-adfc-2e8b0c10cb44,2023-07-04T10:43:00.639Z,5368709120
e4a02a84909811ecb80dd25e32d3b4f7,b66aa006-d11f-5542-9c54-5fe1e564da35,2023-07-04T10:43:26.454Z,5368709120
e4a02a84909811ecb80dd25e32d3b4f7,f762d18b-6eed-5b01-8d82-ffd99f30b902,2023-07-04T10:43:48.376Z,5368709120
e4a02a84909811ecb80dd25e32d3b4f7,e7658e1d-bf6d-5708-a4d1-fa0b2d3084c1,2023-07-04T10:44:10.937Z,5368709120
e4a02a84909811ecb80dd25e32d3b4f7,e401c514-2828-5d8a-9143-8abb623bf2c9,2023-07-04T10:44:30.514Z,5368709120
e4a02a84909811ecb80dd25e32d3b4f7,411fa39e-8a6a-58b2-8342-26f6b6f0db20,2023-07-04T10:44:52.461Z,5368709120
e4a02a84909811ecb80dd25e32d3b4f7,ae67aa0c-b920-56d3-ae5b-6d6ffeb55dd9,2023-07-05T11:25:38.953Z,5368709120
e4a02a84909811ecb80dd25e32d3b4f7,63fa9fbf-c4d4-50c3-ab9d-d2c65822181b,2023-07-05T11:27:49.158Z,5368709120
e4a02a84909811ecb80dd25e32d3b4f7,1f30e673-55c3-56b4-bad0-4c9554923595,2023-07-05T11:28:18.514Z,5368709120
e4a02a84909811ecb80dd25e32d3b4f7,668707a0-9695-5246-9756-4e4495d31058,2023-07-05T11:28:58.337Z,5368709120
e4a02a84909811ecb80dd25e32d3b4f7,15a1092a-f5b6-56c5-84bb-89e68ecb0287,2023-07-05T11:29:41.122Z,5368709120
e4a02a84909811ecb80dd25e32d3b4f7,4889fd3d-19e5-5078-9360-b9b3a0550d91,2023-07-05T11:30:15.094Z,5368709120
e4a02a84909811ecb80dd25e32d3b4f7,eea78b8c-9b6b-514c-9a6f-d3e22dcc55a0,2023-07-05T11:30:46.061Z,5368709120
e4a02a84909811ecb80dd25e32d3b4f7,143f19b1-e4b3-5a7e-ad1c-85f4852827b4,2023-07-05T11:31:16.534Z,5368709120
e4a02a84909811ecb80dd25e32d3b4f7,b4eefb70-facb-51cc-993d-66a0d5bc09cf,2023-07-05T11:31:49.246Z,5368709120
e4a02a84909811ecb80dd25e32d3b4f7,127cd71f-f33e-515e-9417-f058e0ac53b7,2023-07-05T11:32:24.38Z,5368709120
e4a02a84909811ecb80dd25e32d3b4f7,92c7c4c8-cd48-59fa-a3b4-ce796ca7eb8b,2023-07-05T12:45:24.652Z,2147483648
e4a02a84909811ecb80dd25e32d3b4f7,c26ae03b-1b6d-592d-b3f0-6bd517cb3aaf,2023-07-05T13:01:22.871Z,2147483648
e4a02a84909811ecb80dd25e32d3b4f7,82fbd3e4-3fbb-5d27-a77d-b70051bb6e70,2023-07-05T13:02:00.812Z,2147483648
e4a02a84909811ecb80dd25e32d3b4f7,d6cb6dff-a5ad-52b6-81d3-94f73f7ab91a,2023-07-05T13:02:56.976Z,2147483648
e4a02a84909811ecb80dd25e32d3b4f7,b8667b4c-df1e-5e90-b46a-320d49de9d50,2023-07-05T13:04:11.423Z,2147483648
e4a02a84909811ecb80dd25e32d3b4f7,7fe101c1-8cf3-5221-95e5-71672c08a55d,2023-07-05T13:04:49.123Z,2147483648
e4a02a84909811ecb80dd25e32d3b4f7,2a9017bf-0c17-5eec-be05-426002a8af90,2023-07-05T13:05:32.547Z,2147483648
e4a02a84909811ecb80dd25e32d3b4f7,2f551998-bae9-5feb-8fbc-8d279b84ddfb,2023-07-05T13:06:08.637Z,2147483648
e4a02a84909811ecb80dd25e32d3b4f7,a206cd54-327f-50e9-a49a-a4e0d703a535,2023-07-05T13:06:44.435Z,2147483648
e4a02a84909811ecb80dd25e32d3b4f7,0808dc25-bfa1-5654-b63c-2f8b5ebb8912,2023-07-05T13:07:17.203Z,2147483648
e4a02a84909811ecb80dd25e32d3b4f7,17577388-72fe-5ba7-ad99-3253981e13eb,2023-07-06T05:29:00.427Z,2147483648
e4a02a84909811ecb80dd25e32d3b4f7,b57dbe7a-2653-5ee2-b1e4-2509d21a097a,2023-07-06T05:29:38.557Z,2147483648
e4a02a84909811ecb80dd25e32d3b4f7,d563ca72-b725-5e66-9240-587a1c543a3c,2023-07-06T05:30:08.126Z,2147483648
e4a02a84909811ecb80dd25e32d3b4f7,630aa5fa-81c5-5f1f-8711-847474088670,2023-07-06T05:31:32.355Z,2147483648
e4a02a84909811ecb80dd25e32d3b4f7,9904f9a7-914c-54f3-a3ab-b4ee3e50722d,2023-07-06T05:32:05.256Z,2147483648
e4a02a84909811ecb80dd25e32d3b4f7,ebadd599-fd7b-5a82-9518-8abe656626fc,2023-07-06T05:32:35.687Z,2147483648
e4a02a84909811ecb80dd25e32d3b4f7,5ea7de02-b70e-5785-9a77-9a5d5fcb7944,2023-07-06T05:47:32.562Z,2147483648
e4a02a84909811ecb80dd25e32d3b4f7,558887ee-f994-58d1-8fc8-022591f0491b,2023-07-06T05:52:45.777Z,2147483648
e4a02a84909811ecb80dd25e32d3b4f7,6a04c1a7-f002-5c34-9980-4fe9b21f8e00,2023-07-06T05:54:14.096Z,2147483648
e4a02a84909811ecb80dd25e32d3b4f7,5cb4383f-c435-5b1c-bdef-59e58ab1f8a0,2023-07-06T05:54:54.084Z,2147483648
e4a02a84909811ecb80dd25e32d3b4f7,0726baf3-3a3d-5aa6-83a0-88efda73db56,2023-07-06T06:01:05.954Z,2147483648
e4a02a84909811ecb80dd25e32d3b4f7,cf59a524-4eb5-52f4-b644-7af03096824d,2023-07-06T06:05:25.362Z,2147483648
e4a02a84909811ecb80dd25e32d3b4f7,cc568f54-9720-5b1f-9ee4-7e4beae55906,2023-07-06T06:12:32.989Z,2147483648
e4a02a84909811ecb80dd25e32d3b4f7,120d50e1-9bf5-597c-b23b-ebce102c18ff,2023-07-06T06:28:52.473Z,2147483648
e4a02a84909811ecb80dd25e32d3b4f7,f6516f7a-5850-5b7b-83d9-5caacfc58edd,2023-07-06T06:29:29.12Z,2147483648
e4a02a84909811ecb80dd25e32d3b4f7,c029e323-11e8-59fb-a841-a065869a954b,2023-07-06T06:30:02.413Z,2147483648
e4a02a84909811ecb80dd25e32d3b4f7,56015560-3197-55c0-b88a-f74d01ff3149,2023-07-06T06:31:24.319Z,2147483648
e4a02a84909811ecb80dd25e32d3b4f7,3f3a4a31-2b9d-52a3-9bf5-f7426dd68ead,2023-07-06T06:32:01.356Z,2147483648
e4a02a84909811ecb80dd25e32d3b4f7,283ccc83-4f36-57be-a363-c46b3129b2cf,2023-07-06T13:34:57.642Z,753197383680
e4a02a84909811ecb80dd25e32d3b4f7,2d3fb550-73e6-5823-84cc-2e50f0e58e8b,2023-07-07T05:43:04.34Z,528280977408
e4a02a84909811ecb80dd25e32d3b4f7,65642e28-603c-5af0-9b60-3bb722826b27,2023-07-07T05:50:54.061Z,64424509440
e4a02a84909811ecb80dd25e32d3b4f7,83355695-98ab-56a8-a428-a52a7c0364c5,2023-07-07T05:50:54.061Z,64424509440
e4a02a84909811ecb80dd25e32d3b4f7,cef2c0c9-299c-593f-a11e-df45e4c01d15,2023-07-07T05:50:54.061Z,64424509440
e4a02a84909811ecb80dd25e32d3b4f7,8a3587c5-1514-55a1-87b1-f3e5d0878319,2023-07-07T05:50:54.061Z,64424509440
e4a02a84909811ecb80dd25e32d3b4f7,d616f9ba-1355-51fd-96e6-ea6e21479523,2023-07-07T05:50:54.061Z,64424509440
e4a02a84909811ecb80dd25e32d3b4f7,2ecba33d-19f7-5a5c-8d86-4f5d21cf4a28,2023-07-09T12:18:29.655Z,5368709120
e4a02a84909811ecb80dd25e32d3b4f7,43d68e20-78d0-53c7-8dc2-e7de51520062,2023-07-10T06:04:41.097Z,26843545600
e4a02a84909811ecb80dd25e32d3b4f7,a14d13c5-6555-5b2c-b42e-b3bdc54b46a3,2023-07-10T07:07:32.393Z,26843545600
e4a02a84909811ecb80dd25e32d3b4f7,64196cbb-63a8-590a-9f68-cf270b150017,2023-07-10T08:20:32.833Z,64424509440
e4a02a84909811ecb80dd25e32d3b4f7,abb13fa2-a779-530f-8a38-710c365627e6,2023-07-11T06:53:38.422Z,214748364800
e4a02a84909811ecb80dd25e32d3b4f7,d76b424a-7209-50fc-afbe-36c90864377c,2023-07-11T11:06:53.252Z,5368709120
e4a02a84909811ecb80dd25e32d3b4f7,cc4c23f6-a489-51c8-8e07-9d63973218cd,2023-07-12T11:54:17.76Z,536870912000
e4a02a84909811ecb80dd25e32d3b4f7,479f694a-7ff9-5641-88cf-f43b799af965,2023-07-17T08:14:36.962Z,5368709120
e4a02a84909811ecb80dd25e32d3b4f7,144671df-1ccd-506c-8b44-e9f6b5afc390,2023-07-17T09:30:03.195Z,5368709120
e4a02a84909811ecb80dd25e32d3b4f7,1330961d-9cf3-5e67-9558-bd31729f0f9d,2023-07-17T09:31:11.088Z,5368709120
e4a02a84909811ecb80dd25e32d3b4f7,e8cb84ef-bb61-5f9b-b15e-0ce28ebe4e6a,2023-07-17T09:49:45.498Z,5368709120
e4a02a84909811ecb80dd25e32d3b4f7,934790f6-7f1a-5db6-bd1f-6f7a222fc9fe,2023-07-17T09:51:28.085Z,5368709120
e4a02a84909811ecb80dd25e32d3b4f7,8e563cfe-2fff-5131-bc36-96533309bc42,2023-07-17T09:54:49.746Z,5368709120
e4a02a84909811ecb80dd25e32d3b4f7,a68c502b-9418-5cb4-a821-fab45304784c,2023-07-17T10:01:03.541Z,5368709120
e4a02a84909811ecb80dd25e32d3b4f7,12c4ac98-faa9-57b0-8c5d-1cc81defef94,2023-07-17T10:02:53.881Z,5368709120
e4a02a84909811ecb80dd25e32d3b4f7,b5eba9e1-69ee-563e-b096-090890a55f5c,2023-07-17T10:04:42.677Z,5368709120
e4a02a84909811ecb80dd25e32d3b4f7,ec18c884-f6f6-5f5e-86bd-2bd5e8c8ba02,2023-07-17T10:05:51.377Z,5368709120
e4a02a84909811ecb80dd25e32d3b4f7,1422ca10-0988-549a-a995-4eb3581d3c8e,2023-07-17T10:06:56.592Z,5368709120
e4a02a84909811ecb80dd25e32d3b4f7,d961450d-e603-53c4-8e07-c52e10aeef4b,2023-07-18T10:44:55.983Z,5368709120
e4a02a84909811ecb80dd25e32d3b4f7,a9f3b40a-f356-5fd8-bd2c-5de4b73d5c63,2023-07-24T05:55:59.954Z,23622320128
e4a02a84909811ecb80dd25e32d3b4f7,222b9e02-3bfd-5fbf-8c94-84d11775fa19,2023-07-27T07:10:34.854Z,1073741824
e4a02a84909811ecb80dd25e32d3b4f7,5e4d341c-9cff-5f51-a17c-db92b25fb05f,2023-07-27T07:10:34.854Z,1073741824
e4a02a84909811ecb80dd25e32d3b4f7,67fb2081-6c75-5e83-a725-bbeef58e1dff,2023-07-27T07:10:34.854Z,1073741824
e4a02a84909811ecb80dd25e32d3b4f7,e3245f92-b193-5548-a423-14cbc9da3b74,2023-07-27T12:08:26.564Z,5368709120
e4a02a84909811ecb80dd25e32d3b4f7,632d2df8-c93b-50fc-adcc-82cac8e6507f,2023-07-27T13:27:03.613Z,27917287424
e4a02a84909811ecb80dd25e32d3b4f7,bc3e2b58-c049-5cd0-a096-195b77cf358a,2023-07-28T05:48:34.18Z,3221225472
e4a02a84909811ecb80dd25e32d3b4f7,ca70641c-ec1b-5370-b266-949fc3aff135,2023-07-28T06:43:25.705Z,64424509440
e4a02a84909811ecb80dd25e32d3b4f7,a9da93d3-1696-5596-ab88-6c7bee4af5a6,2023-07-31T11:56:57.438Z,5368709120
e4a02a84909811ecb80dd25e32d3b4f7,8fed2c5c-0178-5892-8c08-9d9dbeccd9e9,2023-08-01T11:22:22.564Z,26843545600
e4a02a84909811ecb80dd25e32d3b4f7,0c7d27e7-7cd3-59d2-8613-af7d973f60b7,2023-08-01T12:33:20.763Z,214748364800
e4a02a84909811ecb80dd25e32d3b4f7,81a5530c-2c5a-56f7-99ba-1c3aa68cd335,2023-08-01T12:33:20.763Z,214748364800
e4a02a84909811ecb80dd25e32d3b4f7,f67e882f-be5b-5d60-bd6e-a7a597b07140,2023-08-02T10:28:50.584Z,204010946560
e4a02a84909811ecb80dd25e32d3b4f7,85ecd9a9-7156-5619-8516-802273776f3e,2023-08-02T10:30:27.046Z,1351511627776
e4a02a84909811ecb80dd25e32d3b4f7,5c955f1b-18f8-551d-bae9-f2154cb15aaa,2023-08-02T10:30:27.046Z,1351511627776
e4a02a84909811ecb80dd25e32d3b4f7,16fb141e-1386-5600-9d54-5a9254b5cd91,2023-08-02T12:49:11.693Z,270582800896
e4a02a84909811ecb80dd25e32d3b4f7,022db7b5-1f12-51f2-8902-5ac5d3171a61,2023-08-02T12:49:11.693Z,270582800896
e4a02a84909811ecb80dd25e32d3b4f7,015b4055-01ad-571b-90fe-96d734248120,2023-08-03T18:05:00.384Z,19327352832
e4a02a84909811ecb80dd25e32d3b4f7,366c1e6e-8b9a-59e1-98b0-8992dbfcec97,2023-08-05T15:12:51.339Z,29345363968
e4a02a84909811ecb80dd25e32d3b4f7,3483c870-09d5-5754-b177-2760f7305e48,2023-08-07T09:23:01.153Z,214748364800
e4a02a84909811ecb80dd25e32d3b4f7,0dae8ae7-233a-54b8-96af-e5f1fa2199fc,2023-08-07T09:50:15.259Z,5368709120
e4a02a84909811ecb80dd25e32d3b4f7,b456591e-ef1a-5f99-9aa0-df6552c795f2,2023-08-09T11:10:43.829Z,27917287424
e4a02a84909811ecb80dd25e32d3b4f7,ef536013-370a-576e-8d46-2a28c4303789,2023-08-09T23:20:10.129Z,6442450944
e4a02a84909811ecb80dd25e32d3b4f7,c6af2bd5-b068-5b39-9cbd-a626995e40f2,2023-08-11T07:15:59.437Z,5368709120
e4a02a84909811ecb80dd25e32d3b4f7,0015c76a-fe32-5703-9b94-2bca7f89566c,2023-08-11T07:59:05.383Z,214748364800
e4a02a84909811ecb80dd25e32d3b4f7,e8a9bd7a-a1cd-55e4-9a36-a55fdb2f8977,2023-08-11T11:31:18.148Z,1351511627776
e4a02a84909811ecb80dd25e32d3b4f7,d33ccf0c-f0c0-5d61-b823-8b17cd82e9d2,2023-08-14T00:11:20.668Z,5368709120
e4a02a84909811ecb80dd25e32d3b4f7,ae5e52b9-9dd0-5242-8196-8f2f493bc3e3,2023-08-14T01:10:57.565Z,5368709120
e4a02a84909811ecb80dd25e32d3b4f7,d7e5bf49-b359-52bd-b59a-9e45756087dd,2023-08-16T05:30:32.076Z,5368709120
e4a02a84909811ecb80dd25e32d3b4f7,6e905d74-aec7-5295-82a8-39aa19a82a13,2023-08-16T07:50:14.962Z,7516192768
e4a02a84909811ecb80dd25e32d3b4f7,65f41af6-9d53-5d4c-809a-4a02ba5411f7,2023-08-17T01:25:41.265Z,5368709120
e4a02a84909811ecb80dd25e32d3b4f7,3513667e-2fb4-5f09-8361-6e37b6c05432,2023-08-17T06:53:26.042Z,5368709120
e4a02a84909811ecb80dd25e32d3b4f7,8856adce-459c-570d-8c78-c43e9d47a6c2,2023-08-18T11:02:02.293Z,214748364800
e4a02a84909811ecb80dd25e32d3b4f7,2b1192f5-98b4-5689-b3cb-8bed1edc6593,2023-08-23T04:40:43.197Z,4294967296
e4a02a84909811ecb80dd25e32d3b4f7,12b40e29-8361-5c76-88e2-920cfaad104a,2023-08-23T09:28:24.766Z,1073741824
e4a02a84909811ecb80dd25e32d3b4f7,d8c93818-b2b5-5dda-87a4-2e75c1f731b1,2023-08-23T09:28:24.766Z,1073741824
e4a02a84909811ecb80dd25e32d3b4f7,ab0461e6-7ac1-5881-a89b-b4d63c69ead1,2023-08-24T11:41:38.825Z,4664066048
e4a02a84909811ecb80dd25e32d3b4f7,473bb03f-cc28-5e03-8f0f-1dac7f5c1611,2023-08-29T09:27:12.03Z,1073741824
e4a02a84909811ecb80dd25e32d3b4f7,f8faacd5-1ca8-583a-97fb-322e92d20040,2023-08-29T09:34:37.777Z,36507222016
e4a02a84909811ecb80dd25e32d3b4f7,4fcb7b3d-b77c-594c-8fa7-74cb060395e1,2023-08-30T07:36:36.192Z,214748364800
e4a02a84909811ecb80dd25e32d3b4f7,781fed30-c3d1-5cb2-b6eb-132f0dea63dc,2023-08-30T08:18:00.428Z,5368709120
e4a02a84909811ecb80dd25e32d3b4f7,c5912877-07cf-574d-ac59-1d1749a80ff9,2023-09-01T08:15:56.645Z,2525440631296
e4a02a84909811ecb80dd25e32d3b4f7,aa1c6b4a-1eaa-5021-b382-1fad44535a56,2023-09-01T09:44:06.466Z,5368709120
e4a02a84909811ecb80dd25e32d3b4f7,2ba57bd0-7f0e-58c1-9c11-2ec4a9a2e015,2023-09-01T09:47:13.735Z,5368709120
e4a02a84909811ecb80dd25e32d3b4f7,7933424f-a396-5496-aefc-c596e1d35cf7,2023-09-01T09:48:06.354Z,5368709120
e4a02a84909811ecb80dd25e32d3b4f7,b8cad4ab-ceff-514f-b4b2-9cf464a40b25,2023-09-01T09:51:44.407Z,5368709120
e4a02a84909811ecb80dd25e32d3b4f7,5dfd9170-d1ea-5d41-8764-a50d1ece2dff,2023-09-01T09:52:51.554Z,5368709120
e4a02a84909811ecb80dd25e32d3b4f7,0e04c930-ecdf-5aca-aff2-537b2220c9e8,2023-09-01T09:56:48.701Z,5368709120
e4a02a84909811ecb80dd25e32d3b4f7,93a44778-537e-5b87-a0ac-3fea8060fcbc,2023-09-01T09:58:25.818Z,5368709120
e4a02a84909811ecb80dd25e32d3b4f7,9659898e-7f68-51a9-9210-eadae36e7a28,2023-09-01T10:07:18.629Z,5368709120
e4a02a84909811ecb80dd25e32d3b4f7,f91b1a5b-cc81-589a-8f4b-5c382ad2c873,2023-09-01T10:07:58.91Z,5368709120
e4a02a84909811ecb80dd25e32d3b4f7,440a1690-de4c-5b4a-90cf-b9808b634865,2023-09-01T10:19:58.471Z,64424509440
e4a02a84909811ecb80dd25e32d3b4f7,b8084e02-cda8-5d14-9d34-e44d9c0588cb,2023-09-02T10:38:02.272Z,9663676416
e4a02a84909811ecb80dd25e32d3b4f7,29264154-eda1-575a-9fc6-dcc6270624ed,2023-09-02T10:41:59.327Z,2147483648
e4a02a84909811ecb80dd25e32d3b4f7,08401473-b6ae-5ae0-8b11-87768dc04d83,2023-09-02T10:56:32.072Z,2147483648
e4a02a84909811ecb80dd25e32d3b4f7,f7b1a971-0e9e-54e6-a012-22adcfd3c44c,2023-09-02T10:57:19.161Z,2147483648
e4a02a84909811ecb80dd25e32d3b4f7,3f3fa3d2-d379-53eb-89f5-a385f5bc33e3,2023-09-02T10:59:42.117Z,21474836480
e4a02a84909811ecb80dd25e32d3b4f7,351a9ab1-e3ec-5c10-8a6b-96def4404a5d,2023-09-02T11:01:45.772Z,21474836480
e4a02a84909811ecb80dd25e32d3b4f7,eb9c017c-62b9-5f4d-b3b0-c05fc0038115,2023-09-02T11:03:08.85Z,21474836480
e4a02a84909811ecb80dd25e32d3b4f7,df2d3d55-4597-542d-b413-5cb13382de44,2023-09-02T11:03:37.612Z,34359738368
e4a02a84909811ecb80dd25e32d3b4f7,a9585dc2-204a-54c1-ae2c-bf27de84e5b3,2023-09-02T11:26:11.294Z,36507222016
e4a02a84909811ecb80dd25e32d3b4f7,edea3d4e-a736-5cdf-9872-772c0676f45b,2023-09-03T06:38:56.518Z,5368709120
e4a02a84909811ecb80dd25e32d3b4f7,6f58926d-7693-5f37-904d-5487d7b73794,2023-09-03T06:41:00.157Z,5368709120
e4a02a84909811ecb80dd25e32d3b4f7,2c626da9-627b-5427-ba9d-461427693cf0,2023-09-03T09:12:16.35Z,21474836480
e4a02a84909811ecb80dd25e32d3b4f7,1ba569d9-1189-591c-87ea-c4375f36b9d0,2023-09-03T09:39:31.272Z,21474836480
e4a02a84909811ecb80dd25e32d3b4f7,9b0d8141-ee35-50be-b27b-0ec9c83f8694,2023-09-03T12:27:09.305Z,27917287424
e4a02a84909811ecb80dd25e32d3b4f7,2293edc6-1c32-5cdb-ab0d-e1e09e0ac97f,2023-09-03T12:34:46.191Z,23622320128
e4a02a84909811ecb80dd25e32d3b4f7,1dc82f14-be5d-5462-a622-600d7a107dee,2023-09-03T14:46:27.622Z,19327352832
e4a02a84909811ecb80dd25e32d3b4f7,e729ea30-a1f1-5ae2-8d30-202c8a9bceb2,2023-09-03T14:50:18.131Z,19327352832
e4a02a84909811ecb80dd25e32d3b4f7,37f92cc7-2ab5-5783-bfed-3ed3bc13b23e,2023-09-03T16:44:06.512Z,51539607552
e4a02a84909811ecb80dd25e32d3b4f7,1ff3716d-ba39-5eed-99f9-32559507a17c,2023-09-03T17:08:23.965Z,25769803776
e4a02a84909811ecb80dd25e32d3b4f7,397fa4f1-dde1-5645-b973-992023017588,2023-09-03T17:31:40.865Z,5368709120
e4a02a84909811ecb80dd25e32d3b4f7,1a809d92-00b2-5a4d-8e49-bdba0b6967dd,2023-09-03T17:33:40.408Z,7516192768
e4a02a84909811ecb80dd25e32d3b4f7,8897871d-ed39-54bc-bbe9-2b10ea61d513,2023-09-03T17:35:20.609Z,16106127360
e4a02a84909811ecb80dd25e32d3b4f7,9d7d1a87-4caa-5cac-a84e-1d81a59b59ed,2023-09-03T17:41:42.566Z,42949672960
e4a02a84909811ecb80dd25e32d3b4f7,78bd59d3-c15b-582b-b430-6669bef78c42,2023-09-03T17:42:27.543Z,5368709120
e4a02a84909811ecb80dd25e32d3b4f7,560ab1ef-02a5-5af4-a7f6-1f8dd195d177,2023-09-03T18:36:43.272Z,6442450944
e4a02a84909811ecb80dd25e32d3b4f7,db8290de-eb8d-5127-ba21-ee3806ee2243,2023-09-03T18:56:32.398Z,18253611008
e4a02a84909811ecb80dd25e32d3b4f7,cb8f611c-8005-51dd-8a1e-b3f5aa3f447b,2023-09-03T18:59:46.728Z,16106127360
e4a02a84909811ecb80dd25e32d3b4f7,f59ac0a1-3cae-56be-a976-fee92214899d,2023-09-03T19:29:42.281Z,7516192768
e4a02a84909811ecb80dd25e32d3b4f7,b2b1b49e-83eb-598d-96ed-00676080d919,2023-09-03T19:32:31.878Z,7516192768
e4a02a84909811ecb80dd25e32d3b4f7,95b1d022-7e7e-5630-9ec6-b2515ba5fbb1,2023-09-03T20:09:38.306Z,5368709120
e4a02a84909811ecb80dd25e32d3b4f7,e652afad-c583-5657-bca9-0f45a1c0fc9a,2023-09-03T20:12:59.12Z,5368709120
e4a02a84909811ecb80dd25e32d3b4f7,e56b08db-d240-584b-a488-5a8924918f8b,2023-09-03T20:14:57.543Z,5368709120
e4a02a84909811ecb80dd25e32d3b4f7,567b57d9-6fc4-58d6-994a-6d9324d88bd7,2023-09-03T20:29:10.976Z,5368709120
e4a02a84909811ecb80dd25e32d3b4f7,6689757f-1099-575b-9049-4a76559c55c7,2023-09-03T20:31:41.547Z,5368709120
e4a02a84909811ecb80dd25e32d3b4f7,15907ecb-857e-5b5a-97d8-fd293c2b7922,2023-09-03T20:32:50.941Z,5368709120
e4a02a84909811ecb80dd25e32d3b4f7,3ad2b601-baef-5844-8626-d12ad4e883df,2023-09-03T20:35:40.174Z,16106127360
e4a02a84909811ecb80dd25e32d3b4f7,e1658822-3459-56b0-8aa6-097b2a641696,2023-09-03T20:36:59.637Z,5368709120
e4a02a84909811ecb80dd25e32d3b4f7,74dc6bb4-4bda-5f3d-834f-48862a1ef7a0,2023-09-03T20:37:32.218Z,16106127360
e4a02a84909811ecb80dd25e32d3b4f7,817fdd9e-3a43-52e0-82bf-326e95e5639b,2023-09-03T20:38:39.374Z,5368709120
e4a02a84909811ecb80dd25e32d3b4f7,2b5c17d9-5e9c-5296-a787-51ffa6693b7a,2023-09-03T20:40:37.969Z,5368709120
e4a02a84909811ecb80dd25e32d3b4f7,4a12546a-fd38-5644-a78a-d58512b10ec0,2023-09-04T06:35:55.498Z,39728447488
e4a02a84909811ecb80dd25e32d3b4f7,4b48626b-e59c-523c-bde6-4a69edf225f7,2023-09-04T07:44:05.776Z,50465865728
e4a02a84909811ecb80dd25e32d3b4f7,e6fb4992-f077-5452-aee2-601e13f791fb,2023-09-04T07:45:23.073Z,49392123904
e4a02a84909811ecb80dd25e32d3b4f7,10a70286-86fe-5909-a4d5-293dc99679b3,2023-09-05T06:39:33.689Z,5368709120
e4a02a84909811ecb80dd25e32d3b4f7,89db6a13-b775-5075-9cb1-2b51b9e4c8c1,2023-09-05T06:48:56.026Z,5368709120
e4a02a84909811ecb80dd25e32d3b4f7,85949ad3-0438-55c7-9224-6d522c4fd42b,2023-09-05T06:49:14.683Z,5368709120
e4a02a84909811ecb80dd25e32d3b4f7,c1a4f5b6-33f3-5b36-9fdd-7c6bab66c3ad,2023-09-05T06:49:14.722Z,5368709120
e4a02a84909811ecb80dd25e32d3b4f7,5e3e2734-fa82-5617-a280-c752aa945492,2023-09-05T06:53:12.439Z,5368709120
e4a02a84909811ecb80dd25e32d3b4f7,a783fa2b-2afb-5ca0-a6cc-701057f7b937,2023-09-05T06:55:53.523Z,5368709120
e4a02a84909811ecb80dd25e32d3b4f7,74516ec8-2402-5446-9372-7fb22e2fee5d,2023-09-05T06:58:58.094Z,5368709120
e4a02a84909811ecb80dd25e32d3b4f7,2ad19c2a-49b9-5e10-ad64-4dea7e77839b,2023-09-05T07:01:48.478Z,5368709120
e4a02a84909811ecb80dd25e32d3b4f7,98564def-5acf-5a8e-a034-3b4fa0b4ac63,2023-09-05T07:01:48.503Z,5368709120
e4a02a84909811ecb80dd25e32d3b4f7,c6b14ff2-2b05-5a02-b72c-3e7de291a856,2023-09-06T09:12:14.438Z,1351511627776
e4a02a84909811ecb80dd25e32d3b4f7,e6b4c160-9f86-5c3b-aa69-67ef7bc8429b,2023-09-06T09:47:05.44Z,5368709120
e4a02a84909811ecb80dd25e32d3b4f7,6d2a7543-84ef-5f74-a9af-a46e97829894,2023-09-06T09:52:34.393Z,5368709120
e4a02a84909811ecb80dd25e32d3b4f7,e1d01c4d-f18f-51e1-9a34-dd2996063a6d,2023-09-06T09:58:09.703Z,5368709120
e4a02a84909811ecb80dd25e32d3b4f7,f166852b-3278-5965-9a96-e30d55fc7fb5,2023-09-06T09:59:06.557Z,5368709120
e4a02a84909811ecb80dd25e32d3b4f7,d971c7d3-0930-5654-b401-7968c45ff6bf,2023-09-06T10:47:53.898Z,5368709120
e4a02a84909811ecb80dd25e32d3b4f7,7d93e243-b868-5bb3-9347-b4e1596212f3,2023-09-06T10:50:22.108Z,5368709120
e4a02a84909811ecb80dd25e32d3b4f7,33c21776-dbc5-5278-897b-179664c717bc,2023-09-07T10:18:47.246Z,5368709120
e4a02a84909811ecb80dd25e32d3b4f7,0c8f4b5b-3c85-5ab5-9b5d-a246cb84585b,2023-09-07T11:44:48.579Z,5368709120
e4a02a84909811ecb80dd25e32d3b4f7,dab63410-b95f-5766-a6e4-b4ba202531c3,2023-09-08T09:50:21.79Z,214748364800
e4a02a84909811ecb80dd25e32d3b4f7,3b71e06c-694e-5da5-bb88-fb1cff04fe2a,2023-09-11T10:47:08.508Z,3263168512
e4a02a84909811ecb80dd25e32d3b4f7,85226cb8-27b0-502c-a6ab-02c5ac30ae70,2023-09-12T09:59:11.203Z,21474836480
e4a02a84909811ecb80dd25e32d3b4f7,fbcb619d-8fd6-5a31-826d-eadda07e3f03,2023-09-12T16:02:40.355Z,21474836480
e4a02a84909811ecb80dd25e32d3b4f7,543994b0-0d8e-57df-9484-56c6963b5a9e,2023-09-13T05:01:46.517Z,26843545600
e4a02a84909811ecb80dd25e32d3b4f7,ff9af936-53f8-5b66-a561-589a44af733b,2023-09-13T07:41:26.322Z,5368709120
e4a02a84909811ecb80dd25e32d3b4f7,5d9a46ec-5ebb-5fee-a4ff-78a5e5f30320,2023-09-13T12:01:02.38Z,3221225472
e4a02a84909811ecb80dd25e32d3b4f7,76c9ae3d-eb69-5c36-b0e6-65fc46dc8543,2023-09-14T10:58:45.024Z,32212254720
e4a02a84909811ecb80dd25e32d3b4f7,e0eced9c-3425-569f-bb8e-8d7f61d6938d,2023-09-14T10:58:45.024Z,32212254720
e4a02a84909811ecb80dd25e32d3b4f7,96431a2f-0914-5bf6-a388-bbe5b803386d,2023-09-14T10:58:45.024Z,32212254720
e4a02a84909811ecb80dd25e32d3b4f7,6fff5339-eba5-5945-a3da-e89941176b46,2023-09-14T10:58:45.024Z,32212254720
e4a02a84909811ecb80dd25e32d3b4f7,bdf98c59-e50f-5d7a-9dc1-048594c62e6d,2023-09-14T10:59:33.745Z,32212254720
e4a02a84909811ecb80dd25e32d3b4f7,384f7b01-d3f4-56e9-8aff-a9d5886d8dd1,2023-09-14T10:59:33.745Z,32212254720
e4a02a84909811ecb80dd25e32d3b4f7,9f8b3825-eabf-556b-8c6e-abf1814dd38d,2023-09-14T10:59:33.745Z,32212254720
e4a02a84909811ecb80dd25e32d3b4f7,da58542b-b9c0-5694-b1b2-3b069540d98b,2023-09-14T10:59:33.745Z,32212254720
e4a02a84909811ecb80dd25e32d3b4f7,77d84793-c41a-5c13-a8d0-7e7f207e30ad,2023-09-14T14:45:43.676Z,21474836480
e4a02a84909811ecb80dd25e32d3b4f7,0ecc2e2d-e2d0-5077-912b-ff45415d98f8,2023-09-14T14:45:43.676Z,21474836480
e4a02a84909811ecb80dd25e32d3b4f7,e5fff3df-7edf-563e-9c22-9d243eb239fa,2023-09-19T04:44:38.422Z,2147483648
e4a02a84909811ecb80dd25e32d3b4f7,7e693805-7d23-59f3-976b-44f42e71bede,2023-09-19T08:04:46.784Z,5368709120
e4a02a84909811ecb80dd25e32d3b4f7,f17c4240-78ff-5713-948b-937195c18600,2023-09-20T09:01:29.786Z,5368709120
e4a02a84909811ecb80dd25e32d3b4f7,6fab311f-60bc-568c-8aff-882035582cb6,2023-09-20T09:02:56.669Z,5368709120
e4a02a84909811ecb80dd25e32d3b4f7,79367924-24ee-56e6-b1a9-e02d3d1edc1b,2023-09-20T09:04:01.781Z,5368709120
e4a02a84909811ecb80dd25e32d3b4f7,aeae5a8a-c9ae-5c41-8185-a94614aced46,2023-09-20T09:04:59.541Z,5368709120
e4a02a84909811ecb80dd25e32d3b4f7,829b6454-e565-5b3f-8bcc-414b204ba2b5,2023-09-20T09:05:50.883Z,5368709120
e4a02a84909811ecb80dd25e32d3b4f7,a36f0cde-985a-5bd2-9cca-84e32920248a,2023-09-20T10:02:10.878Z,528280977408
e4a02a84909811ecb80dd25e32d3b4f7,f4f2471d-f8b1-5912-8c85-cbb6431b6d78,2023-09-20T10:11:02.685Z,5368709120
e4a02a84909811ecb80dd25e32d3b4f7,123a7071-a715-55f0-938e-bb896e729d9b,2023-09-20T10:11:48.932Z,5368709120
e4a02a84909811ecb80dd25e32d3b4f7,d1d89a23-fbf3-5ac6-8d95-9d2619d85ac7,2023-09-20T10:12:23.823Z,5368709120
e4a02a84909811ecb80dd25e32d3b4f7,cf34e171-4306-5518-a67b-80213a11d7e9,2023-09-20T10:26:34.66Z,3221225472
e4a02a84909811ecb80dd25e32d3b4f7,4b33b544-ab7b-5701-b28e-fa942942f023,2023-09-22T10:01:13.676Z,1351511627776
e4a02a84909811ecb80dd25e32d3b4f7,7ff6bf05-3ccf-52a6-9947-b0a698ab831b,2023-09-22T14:16:14.281Z,32212254720
e4a02a84909811ecb80dd25e32d3b4f7,46ea86fd-5785-5acf-9beb-48c84fd47bb2,2023-09-22T14:16:14.281Z,32212254720
e4a02a84909811ecb80dd25e32d3b4f7,7cff9c8e-5f3d-516a-bcb6-4c46c0d9800e,2023-09-22T14:16:14.281Z,32212254720
e4a02a84909811ecb80dd25e32d3b4f7,d630f13f-1e0c-5eb4-8142-3fd91fa91ae1,2023-09-22T23:48:23.741Z,5368709120
e4a02a84909811ecb80dd25e32d3b4f7,1e2e17f6-0f7f-590c-b9b2-66a4125b2105,2023-09-22T23:58:15.834Z,7516192768
e4a02a84909811ecb80dd25e32d3b4f7,faa8c29f-b25a-5ae1-af10-bb6f31c9ad94,2023-09-25T10:18:56.471Z,10737418240
e4a02a84909811ecb80dd25e32d3b4f7,76cfefa9-8ad2-5a76-b171-dfb670976c28,2023-09-25T12:04:18.148Z,214748364800
e4a02a84909811ecb80dd25e32d3b4f7,ee7e029d-81f3-5156-99e9-1c235fe881a3,2023-09-26T10:17:54.754Z,2451023255552
e4a02a84909811ecb80dd25e32d3b4f7,1f29e2b9-4599-55c3-9f80-090119c4c4fb,2023-09-26T16:52:00.52Z,5368709120
e4a02a84909811ecb80dd25e32d3b4f7,61cf6891-8bae-5dc9-8200-693738bbc6cc,2023-09-26T17:15:25.159Z,5368709120
e4a02a84909811ecb80dd25e32d3b4f7,8877b2dd-e77c-56f3-acf7-ee4fa6c5397c,2023-09-27T05:00:41.397Z,32212254720
e4a02a84909811ecb80dd25e32d3b4f7,6b86b987-5769-513d-9cf5-6454af030a9b,2023-09-27T05:00:41.397Z,32212254720
e4a02a84909811ecb80dd25e32d3b4f7,d6db3395-9b2b-52fa-b14c-7ea85e88d963,2023-09-28T09:46:12.031Z,10737418240
e4a02a84909811ecb80dd25e32d3b4f7,47bbe5d7-3c24-5c40-8a3a-edff4400aacf,2023-09-28T09:58:06.152Z,5368709120
e4a02a84909811ecb80dd25e32d3b4f7,f4b2f023-f0e2-5481-b87a-afca09c5bdba,2023-09-29T05:19:22.526Z,214748364800
e4a02a84909811ecb80dd25e32d3b4f7,ae062a24-80e6-5008-834d-eda0f3a31192,2023-09-29T06:34:45.919Z,214748364800
e4a02a84909811ecb80dd25e32d3b4f7,4dfbd14e-4b03-592d-ac4a-1bfe1be1cb20,2023-09-29T07:07:06.34Z,21474836480
e4a02a84909811ecb80dd25e32d3b4f7,70378f61-a67c-513d-832a-0163b5919d1e,2023-09-29T08:05:25.91Z,2451023255552
e4a02a84909811ecb80dd25e32d3b4f7,f0e7d303-be18-54cc-b1b7-635f2cc2793c,2023-09-29T08:09:01.382Z,2451023255552
e4a02a84909811ecb80dd25e32d3b4f7,e94cf007-eaa1-5ec0-9a1f-df165142db2e,2023-09-29T08:11:36.677Z,214748364800
e4a02a84909811ecb80dd25e32d3b4f7,9f84fccc-7d08-5582-83f5-363ee74a235e,2023-09-29T08:39:19.119Z,3550534883328
e4a02a84909811ecb80dd25e32d3b4f7,7fb3c931-4625-5444-a8e5-f69aa3286dee,2023-09-29T09:14:29.116Z,7516192768
e4a02a84909811ecb80dd25e32d3b4f7,59e99dda-9490-5653-99e8-1bfab0f101a8,2023-09-29T10:05:01.704Z,7516192768
e4a02a84909811ecb80dd25e32d3b4f7,b4c80050-c982-567a-b692-e828bf44a207,2023-09-30T08:32:13.264Z,5368709120
e4a02a84909811ecb80dd25e32d3b4f7,629a9b3f-779f-5a07-9233-7b0ed8f103ff,2023-09-30T08:32:13.264Z,5368709120
e4a02a84909811ecb80dd25e32d3b4f7,af56e888-3691-5446-9def-872d3e6bc869,2023-09-30T09:45:33.765Z,5368709120
e4a02a84909811ecb80dd25e32d3b4f7,f6c4ba21-839a-5196-bc5f-6e5563763025,2023-09-30T10:27:14.15Z,5368709120
e4a02a84909811ecb80dd25e32d3b4f7,77c90d70-ea74-5450-b6a8-465f802d38c4,2023-10-02T21:28:19.571Z,5368709120
e4a02a84909811ecb80dd25e32d3b4f7,e3321f97-8c9d-5636-b252-1fedec254a68,2023-10-02T23:08:48.944Z,5368709120
e4a02a84909811ecb80dd25e32d3b4f7,012acf96-70ba-510d-9474-751e27efa544,2023-10-03T04:22:30.284Z,214748364800
